$ docker run --rm --network df-run-1ba7df5d1f764a09bd0fea44cb613a75 -v /Users/chris/Projects/dark-factory-wearedevs:/work:ro -v /private/tmp/tablekeeper-stage4-fd8492d-20261003-verifier/harness-run-final:/out -e PYTHONDONTWRITEBYTECODE=1 -e PYTEST_DISABLE_PLUGIN_AUTOLOAD=1 -e COLUMNS=200 -w /work df-harness-runner python -m pytest tablekeeper/test/stage_2 --base-url http://df-svc-21d6fc896e6b:8080 -p harness.plugin --rootdir tablekeeper/test -q --previous-base-url http://df-svc-30f9b39e5350:8080 --harness-summary /out/stage-2.counts.json

EEEEEE..EEEEEEEEEEEEEEEEE                                                                                                                                                                        [100%]
================================================================================================ ERRORS ================================================================================================
________________________________________________________________ ERROR at setup of test_routes_are_directly_navigable[/-search-button] _________________________________________________________________

base_url = 'http://df-svc-21d6fc896e6b:8080'

    @pytest.fixture(scope="session")
    def browser(base_url):
        """One headless Chromium for the whole stage-2 run.
    
        Full Chromium, not the default headless shell, which ignores `browser_args`.
        """
        from playwright import sync_api as playwright
        with playwright.sync_playwright() as driver:
>           instance = driver.chromium.launch(channel="chromium", args=browser_args(base_url))
                       ^^^^^^^^^^^^^^^^^^^^^^^^^^^^^^^^^^^^^^^^^^^^^^^^^^^^^^^^^^^^^^^^^^^^^^^

harness/plugin.py:165: 
_ _ _ _ _ _ _ _ _ _ _ _ _ _ _ _ _ _ _ _ _ _ _ _ _ _ _ _ _ _ _ _ _ _ _ _ _ _ _ _ _ _ _ _ _ _ _ _ _ _ _ _ _ _ _ _ _ _ _ _ _ _ _ _ _ _ _ _ _ _ _ _ _ _ _ _ _ _ _ _ _ _ _ _ _ _ _ _ _ _ _ _ _ _ _ _ _ _ _ _ 
/usr/local/lib/python3.12/site-packages/playwright/sync_api/_generated.py:16814: in launch
    self._sync(
/usr/local/lib/python3.12/site-packages/playwright/_impl/_browser_type.py:101: in launch
    await self._channel.send(
/usr/local/lib/python3.12/site-packages/playwright/_impl/_connection.py:76: in send
    return await self._connection.wrap_api_call(
_ _ _ _ _ _ _ _ _ _ _ _ _ _ _ _ _ _ _ _ _ _ _ _ _ _ _ _ _ _ _ _ _ _ _ _ _ _ _ _ _ _ _ _ _ _ _ _ _ _ _ _ _ _ _ _ _ _ _ _ _ _ _ _ _ _ _ _ _ _ _ _ _ _ _ _ _ _ _ _ _ _ _ _ _ _ _ _ _ _ _ _ _ _ _ _ _ _ _ _ 

self = <playwright._impl._connection.Connection object at 0x7fdeed2e31d0>, cb = <function Channel.send.<locals>.<lambda> at 0x7fdeecf32fc0>, is_internal = False, title = None

    async def wrap_api_call(
        self, cb: Callable[[], Any], is_internal: bool = False, title: str = None
    ) -> Any:
        if self._api_zone.get():
            return await cb()
        task = asyncio.current_task(self._loop)
        parsed_st = _attach_api_call_information(
            getattr(task, "__pw_stack__", None) or _capture_stack_trace(),
            is_internal,
            title,
        )
        self._api_zone.set(parsed_st)
        try:
            return await cb()
        except Exception as error:
>           raise rewrite_error(error, f"{parsed_st['apiName']}: {error}") from None
E           playwright._impl._errors.TimeoutError: BrowserType.launch: Timeout 180000ms exceeded.
E           Call log:
E             - <launching> /root/.cache/ms-playwright/chromium-1243/chrome-linux64/chrome --disable-field-trial-config --disable-background-networking --disable-background-timer-throttling --disable-backgrounding-occluded-windows --disable-back-forward-cache --disable-breakpad --disable-client-side-phishing-detection --disable-component-extensions-with-background-pages --disable-component-update --no-default-browser-check --disable-default-apps --disable-dev-shm-usage --disable-edgeupdater --disable-extensions --disable-features=AvoidUnnecessaryBeforeUnloadCheckSync,DestroyProfileOnBrowserClose,DialMediaRouteProvider,GlobalMediaControls,HttpsUpgrades,LensOverlay,MediaRouter,PaintHolding,ThirdPartyStoragePartitioning,BlockOriginHeaderModificationOnRedirect,Translate,AutoDeElevate,OptimizationHints,msForceBrowserSignIn,msEdgeUpdateLaunchServicesPreferredVersion --enable-features=CDPScreenshotNewSurface --allow-pre-commit-input --disable-hang-monitor --disable-ipc-flooding-protection --disable-popup-blocking --disable-prompt-on-repost --disable-renderer-backgrounding --disable-updater-scheduler --force-color-profile=srgb --metrics-recording-only --no-first-run --password-store=basic --use-mock-keychain --no-service-autorun --export-tagged-pdf --disable-search-engine-choice-screen --unsafely-disable-devtools-self-xss-warnings --edge-skip-compat-layer-relaunch --disable-infobars --disable-search-engine-choice-screen --disable-sync --enable-unsafe-swiftshader --headless --hide-scrollbars --mute-audio --blink-settings=primaryHoverType=2,availableHoverTypes=2,primaryPointerType=4,availablePointerTypes=4 --no-sandbox --unsafely-treat-insecure-origin-as-secure=http://df-svc-21d6fc896e6b:8080 --user-data-dir=/tmp/playwright_chromiumdev_profile-kvueYG --remote-debugging-pipe --no-startup-window
E             - <launched> pid=20
E             - [pid=20][err] [20:35:1003/055311.314666:ERROR:dbus/bus.cc:405] Failed to connect to the bus: Failed to connect to socket /run/dbus/system_bus_socket: No such file or directory
E             - [pid=20][err] [20:35:1003/055311.674408:ERROR:dbus/bus.cc:405] Failed to connect to the bus: Could not parse server address: Unknown address type (examples of valid types are "tcp" and on UNIX "unix")
E             - [pid=20][err] [20:35:1003/055315.296424:ERROR:dbus/bus.cc:405] Failed to connect to the bus: Failed to connect to socket /run/dbus/system_bus_socket: No such file or directory
E             - [pid=20][err] [20:35:1003/055315.717734:ERROR:dbus/bus.cc:405] Failed to connect to the bus: Failed to connect to socket /run/dbus/system_bus_socket: No such file or directory
E             - [pid=20][err] [20:35:1003/055315.717845:ERROR:dbus/bus.cc:405] Failed to connect to the bus: Could not parse server address: Unknown address type (examples of valid types are "tcp" and on UNIX "unix")
E             - [pid=20][err] [20:35:1003/055435.349797:ERROR:dbus/bus.cc:405] Failed to connect to the bus: Could not parse server address: Unknown address type (examples of valid types are "tcp" and on UNIX "unix")

/usr/local/lib/python3.12/site-packages/playwright/_impl/_connection.py:632: TimeoutError
_____________________________________________________________ ERROR at setup of test_routes_are_directly_navigable[/signup-signup-submit] ______________________________________________________________

base_url = 'http://df-svc-21d6fc896e6b:8080'

    @pytest.fixture(scope="session")
    def browser(base_url):
        """One headless Chromium for the whole stage-2 run.
    
        Full Chromium, not the default headless shell, which ignores `browser_args`.
        """
        from playwright import sync_api as playwright
        with playwright.sync_playwright() as driver:
>           instance = driver.chromium.launch(channel="chromium", args=browser_args(base_url))
                       ^^^^^^^^^^^^^^^^^^^^^^^^^^^^^^^^^^^^^^^^^^^^^^^^^^^^^^^^^^^^^^^^^^^^^^^

harness/plugin.py:165: 
_ _ _ _ _ _ _ _ _ _ _ _ _ _ _ _ _ _ _ _ _ _ _ _ _ _ _ _ _ _ _ _ _ _ _ _ _ _ _ _ _ _ _ _ _ _ _ _ _ _ _ _ _ _ _ _ _ _ _ _ _ _ _ _ _ _ _ _ _ _ _ _ _ _ _ _ _ _ _ _ _ _ _ _ _ _ _ _ _ _ _ _ _ _ _ _ _ _ _ _ 
/usr/local/lib/python3.12/site-packages/playwright/sync_api/_generated.py:16814: in launch
    self._sync(
/usr/local/lib/python3.12/site-packages/playwright/_impl/_browser_type.py:101: in launch
    await self._channel.send(
/usr/local/lib/python3.12/site-packages/playwright/_impl/_connection.py:76: in send
    return await self._connection.wrap_api_call(
_ _ _ _ _ _ _ _ _ _ _ _ _ _ _ _ _ _ _ _ _ _ _ _ _ _ _ _ _ _ _ _ _ _ _ _ _ _ _ _ _ _ _ _ _ _ _ _ _ _ _ _ _ _ _ _ _ _ _ _ _ _ _ _ _ _ _ _ _ _ _ _ _ _ _ _ _ _ _ _ _ _ _ _ _ _ _ _ _ _ _ _ _ _ _ _ _ _ _ _ 

self = <playwright._impl._connection.Connection object at 0x7fdeed2e31d0>, cb = <function Channel.send.<locals>.<lambda> at 0x7fdeecf32fc0>, is_internal = False, title = None

    async def wrap_api_call(
        self, cb: Callable[[], Any], is_internal: bool = False, title: str = None
    ) -> Any:
        if self._api_zone.get():
            return await cb()
        task = asyncio.current_task(self._loop)
        parsed_st = _attach_api_call_information(
            getattr(task, "__pw_stack__", None) or _capture_stack_trace(),
            is_internal,
            title,
        )
        self._api_zone.set(parsed_st)
        try:
            return await cb()
        except Exception as error:
>           raise rewrite_error(error, f"{parsed_st['apiName']}: {error}") from None
E           playwright._impl._errors.TimeoutError: BrowserType.launch: Timeout 180000ms exceeded.
E           Call log:
E             - <launching> /root/.cache/ms-playwright/chromium-1243/chrome-linux64/chrome --disable-field-trial-config --disable-background-networking --disable-background-timer-throttling --disable-backgrounding-occluded-windows --disable-back-forward-cache --disable-breakpad --disable-client-side-phishing-detection --disable-component-extensions-with-background-pages --disable-component-update --no-default-browser-check --disable-default-apps --disable-dev-shm-usage --disable-edgeupdater --disable-extensions --disable-features=AvoidUnnecessaryBeforeUnloadCheckSync,DestroyProfileOnBrowserClose,DialMediaRouteProvider,GlobalMediaControls,HttpsUpgrades,LensOverlay,MediaRouter,PaintHolding,ThirdPartyStoragePartitioning,BlockOriginHeaderModificationOnRedirect,Translate,AutoDeElevate,OptimizationHints,msForceBrowserSignIn,msEdgeUpdateLaunchServicesPreferredVersion --enable-features=CDPScreenshotNewSurface --allow-pre-commit-input --disable-hang-monitor --disable-ipc-flooding-protection --disable-popup-blocking --disable-prompt-on-repost --disable-renderer-backgrounding --disable-updater-scheduler --force-color-profile=srgb --metrics-recording-only --no-first-run --password-store=basic --use-mock-keychain --no-service-autorun --export-tagged-pdf --disable-search-engine-choice-screen --unsafely-disable-devtools-self-xss-warnings --edge-skip-compat-layer-relaunch --disable-infobars --disable-search-engine-choice-screen --disable-sync --enable-unsafe-swiftshader --headless --hide-scrollbars --mute-audio --blink-settings=primaryHoverType=2,availableHoverTypes=2,primaryPointerType=4,availablePointerTypes=4 --no-sandbox --unsafely-treat-insecure-origin-as-secure=http://df-svc-21d6fc896e6b:8080 --user-data-dir=/tmp/playwright_chromiumdev_profile-kvueYG --remote-debugging-pipe --no-startup-window
E             - <launched> pid=20
E             - [pid=20][err] [20:35:1003/055311.314666:ERROR:dbus/bus.cc:405] Failed to connect to the bus: Failed to connect to socket /run/dbus/system_bus_socket: No such file or directory
E             - [pid=20][err] [20:35:1003/055311.674408:ERROR:dbus/bus.cc:405] Failed to connect to the bus: Could not parse server address: Unknown address type (examples of valid types are "tcp" and on UNIX "unix")
E             - [pid=20][err] [20:35:1003/055315.296424:ERROR:dbus/bus.cc:405] Failed to connect to the bus: Failed to connect to socket /run/dbus/system_bus_socket: No such file or directory
E             - [pid=20][err] [20:35:1003/055315.717734:ERROR:dbus/bus.cc:405] Failed to connect to the bus: Failed to connect to socket /run/dbus/system_bus_socket: No such file or directory
E             - [pid=20][err] [20:35:1003/055315.717845:ERROR:dbus/bus.cc:405] Failed to connect to the bus: Could not parse server address: Unknown address type (examples of valid types are "tcp" and on UNIX "unix")
E             - [pid=20][err] [20:35:1003/055435.349797:ERROR:dbus/bus.cc:405] Failed to connect to the bus: Could not parse server address: Unknown address type (examples of valid types are "tcp" and on UNIX "unix")

/usr/local/lib/python3.12/site-packages/playwright/_impl/_connection.py:632: TimeoutError
______________________________________________________________ ERROR at setup of test_routes_are_directly_navigable[/login-login-submit] _______________________________________________________________

base_url = 'http://df-svc-21d6fc896e6b:8080'

    @pytest.fixture(scope="session")
    def browser(base_url):
        """One headless Chromium for the whole stage-2 run.
    
        Full Chromium, not the default headless shell, which ignores `browser_args`.
        """
        from playwright import sync_api as playwright
        with playwright.sync_playwright() as driver:
>           instance = driver.chromium.launch(channel="chromium", args=browser_args(base_url))
                       ^^^^^^^^^^^^^^^^^^^^^^^^^^^^^^^^^^^^^^^^^^^^^^^^^^^^^^^^^^^^^^^^^^^^^^^

harness/plugin.py:165: 
_ _ _ _ _ _ _ _ _ _ _ _ _ _ _ _ _ _ _ _ _ _ _ _ _ _ _ _ _ _ _ _ _ _ _ _ _ _ _ _ _ _ _ _ _ _ _ _ _ _ _ _ _ _ _ _ _ _ _ _ _ _ _ _ _ _ _ _ _ _ _ _ _ _ _ _ _ _ _ _ _ _ _ _ _ _ _ _ _ _ _ _ _ _ _ _ _ _ _ _ 
/usr/local/lib/python3.12/site-packages/playwright/sync_api/_generated.py:16814: in launch
    self._sync(
/usr/local/lib/python3.12/site-packages/playwright/_impl/_browser_type.py:101: in launch
    await self._channel.send(
/usr/local/lib/python3.12/site-packages/playwright/_impl/_connection.py:76: in send
    return await self._connection.wrap_api_call(
_ _ _ _ _ _ _ _ _ _ _ _ _ _ _ _ _ _ _ _ _ _ _ _ _ _ _ _ _ _ _ _ _ _ _ _ _ _ _ _ _ _ _ _ _ _ _ _ _ _ _ _ _ _ _ _ _ _ _ _ _ _ _ _ _ _ _ _ _ _ _ _ _ _ _ _ _ _ _ _ _ _ _ _ _ _ _ _ _ _ _ _ _ _ _ _ _ _ _ _ 

self = <playwright._impl._connection.Connection object at 0x7fdeed2e31d0>, cb = <function Channel.send.<locals>.<lambda> at 0x7fdeecf32fc0>, is_internal = False, title = None

    async def wrap_api_call(
        self, cb: Callable[[], Any], is_internal: bool = False, title: str = None
    ) -> Any:
        if self._api_zone.get():
            return await cb()
        task = asyncio.current_task(self._loop)
        parsed_st = _attach_api_call_information(
            getattr(task, "__pw_stack__", None) or _capture_stack_trace(),
            is_internal,
            title,
        )
        self._api_zone.set(parsed_st)
        try:
            return await cb()
        except Exception as error:
>           raise rewrite_error(error, f"{parsed_st['apiName']}: {error}") from None
E           playwright._impl._errors.TimeoutError: BrowserType.launch: Timeout 180000ms exceeded.
E           Call log:
E             - <launching> /root/.cache/ms-playwright/chromium-1243/chrome-linux64/chrome --disable-field-trial-config --disable-background-networking --disable-background-timer-throttling --disable-backgrounding-occluded-windows --disable-back-forward-cache --disable-breakpad --disable-client-side-phishing-detection --disable-component-extensions-with-background-pages --disable-component-update --no-default-browser-check --disable-default-apps --disable-dev-shm-usage --disable-edgeupdater --disable-extensions --disable-features=AvoidUnnecessaryBeforeUnloadCheckSync,DestroyProfileOnBrowserClose,DialMediaRouteProvider,GlobalMediaControls,HttpsUpgrades,LensOverlay,MediaRouter,PaintHolding,ThirdPartyStoragePartitioning,BlockOriginHeaderModificationOnRedirect,Translate,AutoDeElevate,OptimizationHints,msForceBrowserSignIn,msEdgeUpdateLaunchServicesPreferredVersion --enable-features=CDPScreenshotNewSurface --allow-pre-commit-input --disable-hang-monitor --disable-ipc-flooding-protection --disable-popup-blocking --disable-prompt-on-repost --disable-renderer-backgrounding --disable-updater-scheduler --force-color-profile=srgb --metrics-recording-only --no-first-run --password-store=basic --use-mock-keychain --no-service-autorun --export-tagged-pdf --disable-search-engine-choice-screen --unsafely-disable-devtools-self-xss-warnings --edge-skip-compat-layer-relaunch --disable-infobars --disable-search-engine-choice-screen --disable-sync --enable-unsafe-swiftshader --headless --hide-scrollbars --mute-audio --blink-settings=primaryHoverType=2,availableHoverTypes=2,primaryPointerType=4,availablePointerTypes=4 --no-sandbox --unsafely-treat-insecure-origin-as-secure=http://df-svc-21d6fc896e6b:8080 --user-data-dir=/tmp/playwright_chromiumdev_profile-kvueYG --remote-debugging-pipe --no-startup-window
E             - <launched> pid=20
E             - [pid=20][err] [20:35:1003/055311.314666:ERROR:dbus/bus.cc:405] Failed to connect to the bus: Failed to connect to socket /run/dbus/system_bus_socket: No such file or directory
E             - [pid=20][err] [20:35:1003/055311.674408:ERROR:dbus/bus.cc:405] Failed to connect to the bus: Could not parse server address: Unknown address type (examples of valid types are "tcp" and on UNIX "unix")
E             - [pid=20][err] [20:35:1003/055315.296424:ERROR:dbus/bus.cc:405] Failed to connect to the bus: Failed to connect to socket /run/dbus/system_bus_socket: No such file or directory
E             - [pid=20][err] [20:35:1003/055315.717734:ERROR:dbus/bus.cc:405] Failed to connect to the bus: Failed to connect to socket /run/dbus/system_bus_socket: No such file or directory
E             - [pid=20][err] [20:35:1003/055315.717845:ERROR:dbus/bus.cc:405] Failed to connect to the bus: Could not parse server address: Unknown address type (examples of valid types are "tcp" and on UNIX "unix")
E             - [pid=20][err] [20:35:1003/055435.349797:ERROR:dbus/bus.cc:405] Failed to connect to the bus: Could not parse server address: Unknown address type (examples of valid types are "tcp" and on UNIX "unix")

/usr/local/lib/python3.12/site-packages/playwright/_impl/_connection.py:632: TimeoutError
_____________________________________________________________ ERROR at setup of test_routes_are_directly_navigable[/lookup-lookup-submit] ______________________________________________________________

base_url = 'http://df-svc-21d6fc896e6b:8080'

    @pytest.fixture(scope="session")
    def browser(base_url):
        """One headless Chromium for the whole stage-2 run.
    
        Full Chromium, not the default headless shell, which ignores `browser_args`.
        """
        from playwright import sync_api as playwright
        with playwright.sync_playwright() as driver:
>           instance = driver.chromium.launch(channel="chromium", args=browser_args(base_url))
                       ^^^^^^^^^^^^^^^^^^^^^^^^^^^^^^^^^^^^^^^^^^^^^^^^^^^^^^^^^^^^^^^^^^^^^^^

harness/plugin.py:165: 
_ _ _ _ _ _ _ _ _ _ _ _ _ _ _ _ _ _ _ _ _ _ _ _ _ _ _ _ _ _ _ _ _ _ _ _ _ _ _ _ _ _ _ _ _ _ _ _ _ _ _ _ _ _ _ _ _ _ _ _ _ _ _ _ _ _ _ _ _ _ _ _ _ _ _ _ _ _ _ _ _ _ _ _ _ _ _ _ _ _ _ _ _ _ _ _ _ _ _ _ 
/usr/local/lib/python3.12/site-packages/playwright/sync_api/_generated.py:16814: in launch
    self._sync(
/usr/local/lib/python3.12/site-packages/playwright/_impl/_browser_type.py:101: in launch
    await self._channel.send(
/usr/local/lib/python3.12/site-packages/playwright/_impl/_connection.py:76: in send
    return await self._connection.wrap_api_call(
_ _ _ _ _ _ _ _ _ _ _ _ _ _ _ _ _ _ _ _ _ _ _ _ _ _ _ _ _ _ _ _ _ _ _ _ _ _ _ _ _ _ _ _ _ _ _ _ _ _ _ _ _ _ _ _ _ _ _ _ _ _ _ _ _ _ _ _ _ _ _ _ _ _ _ _ _ _ _ _ _ _ _ _ _ _ _ _ _ _ _ _ _ _ _ _ _ _ _ _ 

self = <playwright._impl._connection.Connection object at 0x7fdeed2e31d0>, cb = <function Channel.send.<locals>.<lambda> at 0x7fdeecf32fc0>, is_internal = False, title = None

    async def wrap_api_call(
        self, cb: Callable[[], Any], is_internal: bool = False, title: str = None
    ) -> Any:
        if self._api_zone.get():
            return await cb()
        task = asyncio.current_task(self._loop)
        parsed_st = _attach_api_call_information(
            getattr(task, "__pw_stack__", None) or _capture_stack_trace(),
            is_internal,
            title,
        )
        self._api_zone.set(parsed_st)
        try:
            return await cb()
        except Exception as error:
>           raise rewrite_error(error, f"{parsed_st['apiName']}: {error}") from None
E           playwright._impl._errors.TimeoutError: BrowserType.launch: Timeout 180000ms exceeded.
E           Call log:
E             - <launching> /root/.cache/ms-playwright/chromium-1243/chrome-linux64/chrome --disable-field-trial-config --disable-background-networking --disable-background-timer-throttling --disable-backgrounding-occluded-windows --disable-back-forward-cache --disable-breakpad --disable-client-side-phishing-detection --disable-component-extensions-with-background-pages --disable-component-update --no-default-browser-check --disable-default-apps --disable-dev-shm-usage --disable-edgeupdater --disable-extensions --disable-features=AvoidUnnecessaryBeforeUnloadCheckSync,DestroyProfileOnBrowserClose,DialMediaRouteProvider,GlobalMediaControls,HttpsUpgrades,LensOverlay,MediaRouter,PaintHolding,ThirdPartyStoragePartitioning,BlockOriginHeaderModificationOnRedirect,Translate,AutoDeElevate,OptimizationHints,msForceBrowserSignIn,msEdgeUpdateLaunchServicesPreferredVersion --enable-features=CDPScreenshotNewSurface --allow-pre-commit-input --disable-hang-monitor --disable-ipc-flooding-protection --disable-popup-blocking --disable-prompt-on-repost --disable-renderer-backgrounding --disable-updater-scheduler --force-color-profile=srgb --metrics-recording-only --no-first-run --password-store=basic --use-mock-keychain --no-service-autorun --export-tagged-pdf --disable-search-engine-choice-screen --unsafely-disable-devtools-self-xss-warnings --edge-skip-compat-layer-relaunch --disable-infobars --disable-search-engine-choice-screen --disable-sync --enable-unsafe-swiftshader --headless --hide-scrollbars --mute-audio --blink-settings=primaryHoverType=2,availableHoverTypes=2,primaryPointerType=4,availablePointerTypes=4 --no-sandbox --unsafely-treat-insecure-origin-as-secure=http://df-svc-21d6fc896e6b:8080 --user-data-dir=/tmp/playwright_chromiumdev_profile-kvueYG --remote-debugging-pipe --no-startup-window
E             - <launched> pid=20
E             - [pid=20][err] [20:35:1003/055311.314666:ERROR:dbus/bus.cc:405] Failed to connect to the bus: Failed to connect to socket /run/dbus/system_bus_socket: No such file or directory
E             - [pid=20][err] [20:35:1003/055311.674408:ERROR:dbus/bus.cc:405] Failed to connect to the bus: Could not parse server address: Unknown address type (examples of valid types are "tcp" and on UNIX "unix")
E             - [pid=20][err] [20:35:1003/055315.296424:ERROR:dbus/bus.cc:405] Failed to connect to the bus: Failed to connect to socket /run/dbus/system_bus_socket: No such file or directory
E             - [pid=20][err] [20:35:1003/055315.717734:ERROR:dbus/bus.cc:405] Failed to connect to the bus: Failed to connect to socket /run/dbus/system_bus_socket: No such file or directory
E             - [pid=20][err] [20:35:1003/055315.717845:ERROR:dbus/bus.cc:405] Failed to connect to the bus: Could not parse server address: Unknown address type (examples of valid types are "tcp" and on UNIX "unix")
E             - [pid=20][err] [20:35:1003/055435.349797:ERROR:dbus/bus.cc:405] Failed to connect to the bus: Could not parse server address: Unknown address type (examples of valid types are "tcp" and on UNIX "unix")

/usr/local/lib/python3.12/site-packages/playwright/_impl/_connection.py:632: TimeoutError
__________________________________________________________________ ERROR at setup of test_login_signs_you_in_and_logout_signs_you_out __________________________________________________________________

base_url = 'http://df-svc-21d6fc896e6b:8080'

    @pytest.fixture(scope="session")
    def browser(base_url):
        """One headless Chromium for the whole stage-2 run.
    
        Full Chromium, not the default headless shell, which ignores `browser_args`.
        """
        from playwright import sync_api as playwright
        with playwright.sync_playwright() as driver:
>           instance = driver.chromium.launch(channel="chromium", args=browser_args(base_url))
                       ^^^^^^^^^^^^^^^^^^^^^^^^^^^^^^^^^^^^^^^^^^^^^^^^^^^^^^^^^^^^^^^^^^^^^^^

harness/plugin.py:165: 
_ _ _ _ _ _ _ _ _ _ _ _ _ _ _ _ _ _ _ _ _ _ _ _ _ _ _ _ _ _ _ _ _ _ _ _ _ _ _ _ _ _ _ _ _ _ _ _ _ _ _ _ _ _ _ _ _ _ _ _ _ _ _ _ _ _ _ _ _ _ _ _ _ _ _ _ _ _ _ _ _ _ _ _ _ _ _ _ _ _ _ _ _ _ _ _ _ _ _ _ 
/usr/local/lib/python3.12/site-packages/playwright/sync_api/_generated.py:16814: in launch
    self._sync(
/usr/local/lib/python3.12/site-packages/playwright/_impl/_browser_type.py:101: in launch
    await self._channel.send(
/usr/local/lib/python3.12/site-packages/playwright/_impl/_connection.py:76: in send
    return await self._connection.wrap_api_call(
_ _ _ _ _ _ _ _ _ _ _ _ _ _ _ _ _ _ _ _ _ _ _ _ _ _ _ _ _ _ _ _ _ _ _ _ _ _ _ _ _ _ _ _ _ _ _ _ _ _ _ _ _ _ _ _ _ _ _ _ _ _ _ _ _ _ _ _ _ _ _ _ _ _ _ _ _ _ _ _ _ _ _ _ _ _ _ _ _ _ _ _ _ _ _ _ _ _ _ _ 

self = <playwright._impl._connection.Connection object at 0x7fdeed2e31d0>, cb = <function Channel.send.<locals>.<lambda> at 0x7fdeecf32fc0>, is_internal = False, title = None

    async def wrap_api_call(
        self, cb: Callable[[], Any], is_internal: bool = False, title: str = None
    ) -> Any:
        if self._api_zone.get():
            return await cb()
        task = asyncio.current_task(self._loop)
        parsed_st = _attach_api_call_information(
            getattr(task, "__pw_stack__", None) or _capture_stack_trace(),
            is_internal,
            title,
        )
        self._api_zone.set(parsed_st)
        try:
            return await cb()
        except Exception as error:
>           raise rewrite_error(error, f"{parsed_st['apiName']}: {error}") from None
E           playwright._impl._errors.TimeoutError: BrowserType.launch: Timeout 180000ms exceeded.
E           Call log:
E             - <launching> /root/.cache/ms-playwright/chromium-1243/chrome-linux64/chrome --disable-field-trial-config --disable-background-networking --disable-background-timer-throttling --disable-backgrounding-occluded-windows --disable-back-forward-cache --disable-breakpad --disable-client-side-phishing-detection --disable-component-extensions-with-background-pages --disable-component-update --no-default-browser-check --disable-default-apps --disable-dev-shm-usage --disable-edgeupdater --disable-extensions --disable-features=AvoidUnnecessaryBeforeUnloadCheckSync,DestroyProfileOnBrowserClose,DialMediaRouteProvider,GlobalMediaControls,HttpsUpgrades,LensOverlay,MediaRouter,PaintHolding,ThirdPartyStoragePartitioning,BlockOriginHeaderModificationOnRedirect,Translate,AutoDeElevate,OptimizationHints,msForceBrowserSignIn,msEdgeUpdateLaunchServicesPreferredVersion --enable-features=CDPScreenshotNewSurface --allow-pre-commit-input --disable-hang-monitor --disable-ipc-flooding-protection --disable-popup-blocking --disable-prompt-on-repost --disable-renderer-backgrounding --disable-updater-scheduler --force-color-profile=srgb --metrics-recording-only --no-first-run --password-store=basic --use-mock-keychain --no-service-autorun --export-tagged-pdf --disable-search-engine-choice-screen --unsafely-disable-devtools-self-xss-warnings --edge-skip-compat-layer-relaunch --disable-infobars --disable-search-engine-choice-screen --disable-sync --enable-unsafe-swiftshader --headless --hide-scrollbars --mute-audio --blink-settings=primaryHoverType=2,availableHoverTypes=2,primaryPointerType=4,availablePointerTypes=4 --no-sandbox --unsafely-treat-insecure-origin-as-secure=http://df-svc-21d6fc896e6b:8080 --user-data-dir=/tmp/playwright_chromiumdev_profile-kvueYG --remote-debugging-pipe --no-startup-window
E             - <launched> pid=20
E             - [pid=20][err] [20:35:1003/055311.314666:ERROR:dbus/bus.cc:405] Failed to connect to the bus: Failed to connect to socket /run/dbus/system_bus_socket: No such file or directory
E             - [pid=20][err] [20:35:1003/055311.674408:ERROR:dbus/bus.cc:405] Failed to connect to the bus: Could not parse server address: Unknown address type (examples of valid types are "tcp" and on UNIX "unix")
E             - [pid=20][err] [20:35:1003/055315.296424:ERROR:dbus/bus.cc:405] Failed to connect to the bus: Failed to connect to socket /run/dbus/system_bus_socket: No such file or directory
E             - [pid=20][err] [20:35:1003/055315.717734:ERROR:dbus/bus.cc:405] Failed to connect to the bus: Failed to connect to socket /run/dbus/system_bus_socket: No such file or directory
E             - [pid=20][err] [20:35:1003/055315.717845:ERROR:dbus/bus.cc:405] Failed to connect to the bus: Could not parse server address: Unknown address type (examples of valid types are "tcp" and on UNIX "unix")
E             - [pid=20][err] [20:35:1003/055435.349797:ERROR:dbus/bus.cc:405] Failed to connect to the bus: Could not parse server address: Unknown address type (examples of valid types are "tcp" and on UNIX "unix")

/usr/local/lib/python3.12/site-packages/playwright/_impl/_connection.py:632: TimeoutError
______________________________________________________________________ ERROR at setup of test_booking_flow_reaches_a_confirmation ______________________________________________________________________

base_url = 'http://df-svc-21d6fc896e6b:8080'

    @pytest.fixture(scope="session")
    def browser(base_url):
        """One headless Chromium for the whole stage-2 run.
    
        Full Chromium, not the default headless shell, which ignores `browser_args`.
        """
        from playwright import sync_api as playwright
        with playwright.sync_playwright() as driver:
>           instance = driver.chromium.launch(channel="chromium", args=browser_args(base_url))
                       ^^^^^^^^^^^^^^^^^^^^^^^^^^^^^^^^^^^^^^^^^^^^^^^^^^^^^^^^^^^^^^^^^^^^^^^

harness/plugin.py:165: 
_ _ _ _ _ _ _ _ _ _ _ _ _ _ _ _ _ _ _ _ _ _ _ _ _ _ _ _ _ _ _ _ _ _ _ _ _ _ _ _ _ _ _ _ _ _ _ _ _ _ _ _ _ _ _ _ _ _ _ _ _ _ _ _ _ _ _ _ _ _ _ _ _ _ _ _ _ _ _ _ _ _ _ _ _ _ _ _ _ _ _ _ _ _ _ _ _ _ _ _ 
/usr/local/lib/python3.12/site-packages/playwright/sync_api/_generated.py:16814: in launch
    self._sync(
/usr/local/lib/python3.12/site-packages/playwright/_impl/_browser_type.py:101: in launch
    await self._channel.send(
/usr/local/lib/python3.12/site-packages/playwright/_impl/_connection.py:76: in send
    return await self._connection.wrap_api_call(
_ _ _ _ _ _ _ _ _ _ _ _ _ _ _ _ _ _ _ _ _ _ _ _ _ _ _ _ _ _ _ _ _ _ _ _ _ _ _ _ _ _ _ _ _ _ _ _ _ _ _ _ _ _ _ _ _ _ _ _ _ _ _ _ _ _ _ _ _ _ _ _ _ _ _ _ _ _ _ _ _ _ _ _ _ _ _ _ _ _ _ _ _ _ _ _ _ _ _ _ 

self = <playwright._impl._connection.Connection object at 0x7fdeed2e31d0>, cb = <function Channel.send.<locals>.<lambda> at 0x7fdeecf32fc0>, is_internal = False, title = None

    async def wrap_api_call(
        self, cb: Callable[[], Any], is_internal: bool = False, title: str = None
    ) -> Any:
        if self._api_zone.get():
            return await cb()
        task = asyncio.current_task(self._loop)
        parsed_st = _attach_api_call_information(
            getattr(task, "__pw_stack__", None) or _capture_stack_trace(),
            is_internal,
            title,
        )
        self._api_zone.set(parsed_st)
        try:
            return await cb()
        except Exception as error:
>           raise rewrite_error(error, f"{parsed_st['apiName']}: {error}") from None
E           playwright._impl._errors.TimeoutError: BrowserType.launch: Timeout 180000ms exceeded.
E           Call log:
E             - <launching> /root/.cache/ms-playwright/chromium-1243/chrome-linux64/chrome --disable-field-trial-config --disable-background-networking --disable-background-timer-throttling --disable-backgrounding-occluded-windows --disable-back-forward-cache --disable-breakpad --disable-client-side-phishing-detection --disable-component-extensions-with-background-pages --disable-component-update --no-default-browser-check --disable-default-apps --disable-dev-shm-usage --disable-edgeupdater --disable-extensions --disable-features=AvoidUnnecessaryBeforeUnloadCheckSync,DestroyProfileOnBrowserClose,DialMediaRouteProvider,GlobalMediaControls,HttpsUpgrades,LensOverlay,MediaRouter,PaintHolding,ThirdPartyStoragePartitioning,BlockOriginHeaderModificationOnRedirect,Translate,AutoDeElevate,OptimizationHints,msForceBrowserSignIn,msEdgeUpdateLaunchServicesPreferredVersion --enable-features=CDPScreenshotNewSurface --allow-pre-commit-input --disable-hang-monitor --disable-ipc-flooding-protection --disable-popup-blocking --disable-prompt-on-repost --disable-renderer-backgrounding --disable-updater-scheduler --force-color-profile=srgb --metrics-recording-only --no-first-run --password-store=basic --use-mock-keychain --no-service-autorun --export-tagged-pdf --disable-search-engine-choice-screen --unsafely-disable-devtools-self-xss-warnings --edge-skip-compat-layer-relaunch --disable-infobars --disable-search-engine-choice-screen --disable-sync --enable-unsafe-swiftshader --headless --hide-scrollbars --mute-audio --blink-settings=primaryHoverType=2,availableHoverTypes=2,primaryPointerType=4,availablePointerTypes=4 --no-sandbox --unsafely-treat-insecure-origin-as-secure=http://df-svc-21d6fc896e6b:8080 --user-data-dir=/tmp/playwright_chromiumdev_profile-kvueYG --remote-debugging-pipe --no-startup-window
E             - <launched> pid=20
E             - [pid=20][err] [20:35:1003/055311.314666:ERROR:dbus/bus.cc:405] Failed to connect to the bus: Failed to connect to socket /run/dbus/system_bus_socket: No such file or directory
E             - [pid=20][err] [20:35:1003/055311.674408:ERROR:dbus/bus.cc:405] Failed to connect to the bus: Could not parse server address: Unknown address type (examples of valid types are "tcp" and on UNIX "unix")
E             - [pid=20][err] [20:35:1003/055315.296424:ERROR:dbus/bus.cc:405] Failed to connect to the bus: Failed to connect to socket /run/dbus/system_bus_socket: No such file or directory
E             - [pid=20][err] [20:35:1003/055315.717734:ERROR:dbus/bus.cc:405] Failed to connect to the bus: Failed to connect to socket /run/dbus/system_bus_socket: No such file or directory
E             - [pid=20][err] [20:35:1003/055315.717845:ERROR:dbus/bus.cc:405] Failed to connect to the bus: Could not parse server address: Unknown address type (examples of valid types are "tcp" and on UNIX "unix")
E             - [pid=20][err] [20:35:1003/055435.349797:ERROR:dbus/bus.cc:405] Failed to connect to the bus: Could not parse server address: Unknown address type (examples of valid types are "tcp" and on UNIX "unix")

/usr/local/lib/python3.12/site-packages/playwright/_impl/_connection.py:632: TimeoutError
______________________________________________________________________________ ERROR at setup of test_signup_signs_you_in ______________________________________________________________________________

base_url = 'http://df-svc-21d6fc896e6b:8080'

    @pytest.fixture(scope="session")
    def browser(base_url):
        """One headless Chromium for the whole stage-2 run.
    
        Full Chromium, not the default headless shell, which ignores `browser_args`.
        """
        from playwright import sync_api as playwright
        with playwright.sync_playwright() as driver:
>           instance = driver.chromium.launch(channel="chromium", args=browser_args(base_url))
                       ^^^^^^^^^^^^^^^^^^^^^^^^^^^^^^^^^^^^^^^^^^^^^^^^^^^^^^^^^^^^^^^^^^^^^^^

harness/plugin.py:165: 
_ _ _ _ _ _ _ _ _ _ _ _ _ _ _ _ _ _ _ _ _ _ _ _ _ _ _ _ _ _ _ _ _ _ _ _ _ _ _ _ _ _ _ _ _ _ _ _ _ _ _ _ _ _ _ _ _ _ _ _ _ _ _ _ _ _ _ _ _ _ _ _ _ _ _ _ _ _ _ _ _ _ _ _ _ _ _ _ _ _ _ _ _ _ _ _ _ _ _ _ 
/usr/local/lib/python3.12/site-packages/playwright/sync_api/_generated.py:16814: in launch
    self._sync(
/usr/local/lib/python3.12/site-packages/playwright/_impl/_browser_type.py:101: in launch
    await self._channel.send(
/usr/local/lib/python3.12/site-packages/playwright/_impl/_connection.py:76: in send
    return await self._connection.wrap_api_call(
_ _ _ _ _ _ _ _ _ _ _ _ _ _ _ _ _ _ _ _ _ _ _ _ _ _ _ _ _ _ _ _ _ _ _ _ _ _ _ _ _ _ _ _ _ _ _ _ _ _ _ _ _ _ _ _ _ _ _ _ _ _ _ _ _ _ _ _ _ _ _ _ _ _ _ _ _ _ _ _ _ _ _ _ _ _ _ _ _ _ _ _ _ _ _ _ _ _ _ _ 

self = <playwright._impl._connection.Connection object at 0x7fdeed2e31d0>, cb = <function Channel.send.<locals>.<lambda> at 0x7fdeecf32fc0>, is_internal = False, title = None

    async def wrap_api_call(
        self, cb: Callable[[], Any], is_internal: bool = False, title: str = None
    ) -> Any:
        if self._api_zone.get():
            return await cb()
        task = asyncio.current_task(self._loop)
        parsed_st = _attach_api_call_information(
            getattr(task, "__pw_stack__", None) or _capture_stack_trace(),
            is_internal,
            title,
        )
        self._api_zone.set(parsed_st)
        try:
            return await cb()
        except Exception as error:
>           raise rewrite_error(error, f"{parsed_st['apiName']}: {error}") from None
E           playwright._impl._errors.TimeoutError: BrowserType.launch: Timeout 180000ms exceeded.
E           Call log:
E             - <launching> /root/.cache/ms-playwright/chromium-1243/chrome-linux64/chrome --disable-field-trial-config --disable-background-networking --disable-background-timer-throttling --disable-backgrounding-occluded-windows --disable-back-forward-cache --disable-breakpad --disable-client-side-phishing-detection --disable-component-extensions-with-background-pages --disable-component-update --no-default-browser-check --disable-default-apps --disable-dev-shm-usage --disable-edgeupdater --disable-extensions --disable-features=AvoidUnnecessaryBeforeUnloadCheckSync,DestroyProfileOnBrowserClose,DialMediaRouteProvider,GlobalMediaControls,HttpsUpgrades,LensOverlay,MediaRouter,PaintHolding,ThirdPartyStoragePartitioning,BlockOriginHeaderModificationOnRedirect,Translate,AutoDeElevate,OptimizationHints,msForceBrowserSignIn,msEdgeUpdateLaunchServicesPreferredVersion --enable-features=CDPScreenshotNewSurface --allow-pre-commit-input --disable-hang-monitor --disable-ipc-flooding-protection --disable-popup-blocking --disable-prompt-on-repost --disable-renderer-backgrounding --disable-updater-scheduler --force-color-profile=srgb --metrics-recording-only --no-first-run --password-store=basic --use-mock-keychain --no-service-autorun --export-tagged-pdf --disable-search-engine-choice-screen --unsafely-disable-devtools-self-xss-warnings --edge-skip-compat-layer-relaunch --disable-infobars --disable-search-engine-choice-screen --disable-sync --enable-unsafe-swiftshader --headless --hide-scrollbars --mute-audio --blink-settings=primaryHoverType=2,availableHoverTypes=2,primaryPointerType=4,availablePointerTypes=4 --no-sandbox --unsafely-treat-insecure-origin-as-secure=http://df-svc-21d6fc896e6b:8080 --user-data-dir=/tmp/playwright_chromiumdev_profile-kvueYG --remote-debugging-pipe --no-startup-window
E             - <launched> pid=20
E             - [pid=20][err] [20:35:1003/055311.314666:ERROR:dbus/bus.cc:405] Failed to connect to the bus: Failed to connect to socket /run/dbus/system_bus_socket: No such file or directory
E             - [pid=20][err] [20:35:1003/055311.674408:ERROR:dbus/bus.cc:405] Failed to connect to the bus: Could not parse server address: Unknown address type (examples of valid types are "tcp" and on UNIX "unix")
E             - [pid=20][err] [20:35:1003/055315.296424:ERROR:dbus/bus.cc:405] Failed to connect to the bus: Failed to connect to socket /run/dbus/system_bus_socket: No such file or directory
E             - [pid=20][err] [20:35:1003/055315.717734:ERROR:dbus/bus.cc:405] Failed to connect to the bus: Failed to connect to socket /run/dbus/system_bus_socket: No such file or directory
E             - [pid=20][err] [20:35:1003/055315.717845:ERROR:dbus/bus.cc:405] Failed to connect to the bus: Could not parse server address: Unknown address type (examples of valid types are "tcp" and on UNIX "unix")
E             - [pid=20][err] [20:35:1003/055435.349797:ERROR:dbus/bus.cc:405] Failed to connect to the bus: Could not parse server address: Unknown address type (examples of valid types are "tcp" and on UNIX "unix")

/usr/local/lib/python3.12/site-packages/playwright/_impl/_connection.py:632: TimeoutError
__________________________________________________________________________ ERROR at setup of test_bad_login_shows_auth_error ___________________________________________________________________________

base_url = 'http://df-svc-21d6fc896e6b:8080'

    @pytest.fixture(scope="session")
    def browser(base_url):
        """One headless Chromium for the whole stage-2 run.
    
        Full Chromium, not the default headless shell, which ignores `browser_args`.
        """
        from playwright import sync_api as playwright
        with playwright.sync_playwright() as driver:
>           instance = driver.chromium.launch(channel="chromium", args=browser_args(base_url))
                       ^^^^^^^^^^^^^^^^^^^^^^^^^^^^^^^^^^^^^^^^^^^^^^^^^^^^^^^^^^^^^^^^^^^^^^^

harness/plugin.py:165: 
_ _ _ _ _ _ _ _ _ _ _ _ _ _ _ _ _ _ _ _ _ _ _ _ _ _ _ _ _ _ _ _ _ _ _ _ _ _ _ _ _ _ _ _ _ _ _ _ _ _ _ _ _ _ _ _ _ _ _ _ _ _ _ _ _ _ _ _ _ _ _ _ _ _ _ _ _ _ _ _ _ _ _ _ _ _ _ _ _ _ _ _ _ _ _ _ _ _ _ _ 
/usr/local/lib/python3.12/site-packages/playwright/sync_api/_generated.py:16814: in launch
    self._sync(
/usr/local/lib/python3.12/site-packages/playwright/_impl/_browser_type.py:101: in launch
    await self._channel.send(
/usr/local/lib/python3.12/site-packages/playwright/_impl/_connection.py:76: in send
    return await self._connection.wrap_api_call(
_ _ _ _ _ _ _ _ _ _ _ _ _ _ _ _ _ _ _ _ _ _ _ _ _ _ _ _ _ _ _ _ _ _ _ _ _ _ _ _ _ _ _ _ _ _ _ _ _ _ _ _ _ _ _ _ _ _ _ _ _ _ _ _ _ _ _ _ _ _ _ _ _ _ _ _ _ _ _ _ _ _ _ _ _ _ _ _ _ _ _ _ _ _ _ _ _ _ _ _ 

self = <playwright._impl._connection.Connection object at 0x7fdeed2e31d0>, cb = <function Channel.send.<locals>.<lambda> at 0x7fdeecf32fc0>, is_internal = False, title = None

    async def wrap_api_call(
        self, cb: Callable[[], Any], is_internal: bool = False, title: str = None
    ) -> Any:
        if self._api_zone.get():
            return await cb()
        task = asyncio.current_task(self._loop)
        parsed_st = _attach_api_call_information(
            getattr(task, "__pw_stack__", None) or _capture_stack_trace(),
            is_internal,
            title,
        )
        self._api_zone.set(parsed_st)
        try:
            return await cb()
        except Exception as error:
>           raise rewrite_error(error, f"{parsed_st['apiName']}: {error}") from None
E           playwright._impl._errors.TimeoutError: BrowserType.launch: Timeout 180000ms exceeded.
E           Call log:
E             - <launching> /root/.cache/ms-playwright/chromium-1243/chrome-linux64/chrome --disable-field-trial-config --disable-background-networking --disable-background-timer-throttling --disable-backgrounding-occluded-windows --disable-back-forward-cache --disable-breakpad --disable-client-side-phishing-detection --disable-component-extensions-with-background-pages --disable-component-update --no-default-browser-check --disable-default-apps --disable-dev-shm-usage --disable-edgeupdater --disable-extensions --disable-features=AvoidUnnecessaryBeforeUnloadCheckSync,DestroyProfileOnBrowserClose,DialMediaRouteProvider,GlobalMediaControls,HttpsUpgrades,LensOverlay,MediaRouter,PaintHolding,ThirdPartyStoragePartitioning,BlockOriginHeaderModificationOnRedirect,Translate,AutoDeElevate,OptimizationHints,msForceBrowserSignIn,msEdgeUpdateLaunchServicesPreferredVersion --enable-features=CDPScreenshotNewSurface --allow-pre-commit-input --disable-hang-monitor --disable-ipc-flooding-protection --disable-popup-blocking --disable-prompt-on-repost --disable-renderer-backgrounding --disable-updater-scheduler --force-color-profile=srgb --metrics-recording-only --no-first-run --password-store=basic --use-mock-keychain --no-service-autorun --export-tagged-pdf --disable-search-engine-choice-screen --unsafely-disable-devtools-self-xss-warnings --edge-skip-compat-layer-relaunch --disable-infobars --disable-search-engine-choice-screen --disable-sync --enable-unsafe-swiftshader --headless --hide-scrollbars --mute-audio --blink-settings=primaryHoverType=2,availableHoverTypes=2,primaryPointerType=4,availablePointerTypes=4 --no-sandbox --unsafely-treat-insecure-origin-as-secure=http://df-svc-21d6fc896e6b:8080 --user-data-dir=/tmp/playwright_chromiumdev_profile-kvueYG --remote-debugging-pipe --no-startup-window
E             - <launched> pid=20
E             - [pid=20][err] [20:35:1003/055311.314666:ERROR:dbus/bus.cc:405] Failed to connect to the bus: Failed to connect to socket /run/dbus/system_bus_socket: No such file or directory
E             - [pid=20][err] [20:35:1003/055311.674408:ERROR:dbus/bus.cc:405] Failed to connect to the bus: Could not parse server address: Unknown address type (examples of valid types are "tcp" and on UNIX "unix")
E             - [pid=20][err] [20:35:1003/055315.296424:ERROR:dbus/bus.cc:405] Failed to connect to the bus: Failed to connect to socket /run/dbus/system_bus_socket: No such file or directory
E             - [pid=20][err] [20:35:1003/055315.717734:ERROR:dbus/bus.cc:405] Failed to connect to the bus: Failed to connect to socket /run/dbus/system_bus_socket: No such file or directory
E             - [pid=20][err] [20:35:1003/055315.717845:ERROR:dbus/bus.cc:405] Failed to connect to the bus: Could not parse server address: Unknown address type (examples of valid types are "tcp" and on UNIX "unix")
E             - [pid=20][err] [20:35:1003/055435.349797:ERROR:dbus/bus.cc:405] Failed to connect to the bus: Could not parse server address: Unknown address type (examples of valid types are "tcp" and on UNIX "unix")

/usr/local/lib/python3.12/site-packages/playwright/_impl/_connection.py:632: TimeoutError
____________________________________________________________________ ERROR at setup of test_auth_error_is_absent_when_there_is_none ____________________________________________________________________

base_url = 'http://df-svc-21d6fc896e6b:8080'

    @pytest.fixture(scope="session")
    def browser(base_url):
        """One headless Chromium for the whole stage-2 run.
    
        Full Chromium, not the default headless shell, which ignores `browser_args`.
        """
        from playwright import sync_api as playwright
        with playwright.sync_playwright() as driver:
>           instance = driver.chromium.launch(channel="chromium", args=browser_args(base_url))
                       ^^^^^^^^^^^^^^^^^^^^^^^^^^^^^^^^^^^^^^^^^^^^^^^^^^^^^^^^^^^^^^^^^^^^^^^

harness/plugin.py:165: 
_ _ _ _ _ _ _ _ _ _ _ _ _ _ _ _ _ _ _ _ _ _ _ _ _ _ _ _ _ _ _ _ _ _ _ _ _ _ _ _ _ _ _ _ _ _ _ _ _ _ _ _ _ _ _ _ _ _ _ _ _ _ _ _ _ _ _ _ _ _ _ _ _ _ _ _ _ _ _ _ _ _ _ _ _ _ _ _ _ _ _ _ _ _ _ _ _ _ _ _ 
/usr/local/lib/python3.12/site-packages/playwright/sync_api/_generated.py:16814: in launch
    self._sync(
/usr/local/lib/python3.12/site-packages/playwright/_impl/_browser_type.py:101: in launch
    await self._channel.send(
/usr/local/lib/python3.12/site-packages/playwright/_impl/_connection.py:76: in send
    return await self._connection.wrap_api_call(
_ _ _ _ _ _ _ _ _ _ _ _ _ _ _ _ _ _ _ _ _ _ _ _ _ _ _ _ _ _ _ _ _ _ _ _ _ _ _ _ _ _ _ _ _ _ _ _ _ _ _ _ _ _ _ _ _ _ _ _ _ _ _ _ _ _ _ _ _ _ _ _ _ _ _ _ _ _ _ _ _ _ _ _ _ _ _ _ _ _ _ _ _ _ _ _ _ _ _ _ 

self = <playwright._impl._connection.Connection object at 0x7fdeed2e31d0>, cb = <function Channel.send.<locals>.<lambda> at 0x7fdeecf32fc0>, is_internal = False, title = None

    async def wrap_api_call(
        self, cb: Callable[[], Any], is_internal: bool = False, title: str = None
    ) -> Any:
        if self._api_zone.get():
            return await cb()
        task = asyncio.current_task(self._loop)
        parsed_st = _attach_api_call_information(
            getattr(task, "__pw_stack__", None) or _capture_stack_trace(),
            is_internal,
            title,
        )
        self._api_zone.set(parsed_st)
        try:
            return await cb()
        except Exception as error:
>           raise rewrite_error(error, f"{parsed_st['apiName']}: {error}") from None
E           playwright._impl._errors.TimeoutError: BrowserType.launch: Timeout 180000ms exceeded.
E           Call log:
E             - <launching> /root/.cache/ms-playwright/chromium-1243/chrome-linux64/chrome --disable-field-trial-config --disable-background-networking --disable-background-timer-throttling --disable-backgrounding-occluded-windows --disable-back-forward-cache --disable-breakpad --disable-client-side-phishing-detection --disable-component-extensions-with-background-pages --disable-component-update --no-default-browser-check --disable-default-apps --disable-dev-shm-usage --disable-edgeupdater --disable-extensions --disable-features=AvoidUnnecessaryBeforeUnloadCheckSync,DestroyProfileOnBrowserClose,DialMediaRouteProvider,GlobalMediaControls,HttpsUpgrades,LensOverlay,MediaRouter,PaintHolding,ThirdPartyStoragePartitioning,BlockOriginHeaderModificationOnRedirect,Translate,AutoDeElevate,OptimizationHints,msForceBrowserSignIn,msEdgeUpdateLaunchServicesPreferredVersion --enable-features=CDPScreenshotNewSurface --allow-pre-commit-input --disable-hang-monitor --disable-ipc-flooding-protection --disable-popup-blocking --disable-prompt-on-repost --disable-renderer-backgrounding --disable-updater-scheduler --force-color-profile=srgb --metrics-recording-only --no-first-run --password-store=basic --use-mock-keychain --no-service-autorun --export-tagged-pdf --disable-search-engine-choice-screen --unsafely-disable-devtools-self-xss-warnings --edge-skip-compat-layer-relaunch --disable-infobars --disable-search-engine-choice-screen --disable-sync --enable-unsafe-swiftshader --headless --hide-scrollbars --mute-audio --blink-settings=primaryHoverType=2,availableHoverTypes=2,primaryPointerType=4,availablePointerTypes=4 --no-sandbox --unsafely-treat-insecure-origin-as-secure=http://df-svc-21d6fc896e6b:8080 --user-data-dir=/tmp/playwright_chromiumdev_profile-kvueYG --remote-debugging-pipe --no-startup-window
E             - <launched> pid=20
E             - [pid=20][err] [20:35:1003/055311.314666:ERROR:dbus/bus.cc:405] Failed to connect to the bus: Failed to connect to socket /run/dbus/system_bus_socket: No such file or directory
E             - [pid=20][err] [20:35:1003/055311.674408:ERROR:dbus/bus.cc:405] Failed to connect to the bus: Could not parse server address: Unknown address type (examples of valid types are "tcp" and on UNIX "unix")
E             - [pid=20][err] [20:35:1003/055315.296424:ERROR:dbus/bus.cc:405] Failed to connect to the bus: Failed to connect to socket /run/dbus/system_bus_socket: No such file or directory
E             - [pid=20][err] [20:35:1003/055315.717734:ERROR:dbus/bus.cc:405] Failed to connect to the bus: Failed to connect to socket /run/dbus/system_bus_socket: No such file or directory
E             - [pid=20][err] [20:35:1003/055315.717845:ERROR:dbus/bus.cc:405] Failed to connect to the bus: Could not parse server address: Unknown address type (examples of valid types are "tcp" and on UNIX "unix")
E             - [pid=20][err] [20:35:1003/055435.349797:ERROR:dbus/bus.cc:405] Failed to connect to the bus: Could not parse server address: Unknown address type (examples of valid types are "tcp" and on UNIX "unix")

/usr/local/lib/python3.12/site-packages/playwright/_impl/_connection.py:632: TimeoutError
_____________________________________________________________________ ERROR at setup of test_grid_shows_a_cell_per_table_per_slot ______________________________________________________________________

base_url = 'http://df-svc-21d6fc896e6b:8080'

    @pytest.fixture(scope="session")
    def browser(base_url):
        """One headless Chromium for the whole stage-2 run.
    
        Full Chromium, not the default headless shell, which ignores `browser_args`.
        """
        from playwright import sync_api as playwright
        with playwright.sync_playwright() as driver:
>           instance = driver.chromium.launch(channel="chromium", args=browser_args(base_url))
                       ^^^^^^^^^^^^^^^^^^^^^^^^^^^^^^^^^^^^^^^^^^^^^^^^^^^^^^^^^^^^^^^^^^^^^^^

harness/plugin.py:165: 
_ _ _ _ _ _ _ _ _ _ _ _ _ _ _ _ _ _ _ _ _ _ _ _ _ _ _ _ _ _ _ _ _ _ _ _ _ _ _ _ _ _ _ _ _ _ _ _ _ _ _ _ _ _ _ _ _ _ _ _ _ _ _ _ _ _ _ _ _ _ _ _ _ _ _ _ _ _ _ _ _ _ _ _ _ _ _ _ _ _ _ _ _ _ _ _ _ _ _ _ 
/usr/local/lib/python3.12/site-packages/playwright/sync_api/_generated.py:16814: in launch
    self._sync(
/usr/local/lib/python3.12/site-packages/playwright/_impl/_browser_type.py:101: in launch
    await self._channel.send(
/usr/local/lib/python3.12/site-packages/playwright/_impl/_connection.py:76: in send
    return await self._connection.wrap_api_call(
_ _ _ _ _ _ _ _ _ _ _ _ _ _ _ _ _ _ _ _ _ _ _ _ _ _ _ _ _ _ _ _ _ _ _ _ _ _ _ _ _ _ _ _ _ _ _ _ _ _ _ _ _ _ _ _ _ _ _ _ _ _ _ _ _ _ _ _ _ _ _ _ _ _ _ _ _ _ _ _ _ _ _ _ _ _ _ _ _ _ _ _ _ _ _ _ _ _ _ _ 

self = <playwright._impl._connection.Connection object at 0x7fdeed2e31d0>, cb = <function Channel.send.<locals>.<lambda> at 0x7fdeecf32fc0>, is_internal = False, title = None

    async def wrap_api_call(
        self, cb: Callable[[], Any], is_internal: bool = False, title: str = None
    ) -> Any:
        if self._api_zone.get():
            return await cb()
        task = asyncio.current_task(self._loop)
        parsed_st = _attach_api_call_information(
            getattr(task, "__pw_stack__", None) or _capture_stack_trace(),
            is_internal,
            title,
        )
        self._api_zone.set(parsed_st)
        try:
            return await cb()
        except Exception as error:
>           raise rewrite_error(error, f"{parsed_st['apiName']}: {error}") from None
E           playwright._impl._errors.TimeoutError: BrowserType.launch: Timeout 180000ms exceeded.
E           Call log:
E             - <launching> /root/.cache/ms-playwright/chromium-1243/chrome-linux64/chrome --disable-field-trial-config --disable-background-networking --disable-background-timer-throttling --disable-backgrounding-occluded-windows --disable-back-forward-cache --disable-breakpad --disable-client-side-phishing-detection --disable-component-extensions-with-background-pages --disable-component-update --no-default-browser-check --disable-default-apps --disable-dev-shm-usage --disable-edgeupdater --disable-extensions --disable-features=AvoidUnnecessaryBeforeUnloadCheckSync,DestroyProfileOnBrowserClose,DialMediaRouteProvider,GlobalMediaControls,HttpsUpgrades,LensOverlay,MediaRouter,PaintHolding,ThirdPartyStoragePartitioning,BlockOriginHeaderModificationOnRedirect,Translate,AutoDeElevate,OptimizationHints,msForceBrowserSignIn,msEdgeUpdateLaunchServicesPreferredVersion --enable-features=CDPScreenshotNewSurface --allow-pre-commit-input --disable-hang-monitor --disable-ipc-flooding-protection --disable-popup-blocking --disable-prompt-on-repost --disable-renderer-backgrounding --disable-updater-scheduler --force-color-profile=srgb --metrics-recording-only --no-first-run --password-store=basic --use-mock-keychain --no-service-autorun --export-tagged-pdf --disable-search-engine-choice-screen --unsafely-disable-devtools-self-xss-warnings --edge-skip-compat-layer-relaunch --disable-infobars --disable-search-engine-choice-screen --disable-sync --enable-unsafe-swiftshader --headless --hide-scrollbars --mute-audio --blink-settings=primaryHoverType=2,availableHoverTypes=2,primaryPointerType=4,availablePointerTypes=4 --no-sandbox --unsafely-treat-insecure-origin-as-secure=http://df-svc-21d6fc896e6b:8080 --user-data-dir=/tmp/playwright_chromiumdev_profile-kvueYG --remote-debugging-pipe --no-startup-window
E             - <launched> pid=20
E             - [pid=20][err] [20:35:1003/055311.314666:ERROR:dbus/bus.cc:405] Failed to connect to the bus: Failed to connect to socket /run/dbus/system_bus_socket: No such file or directory
E             - [pid=20][err] [20:35:1003/055311.674408:ERROR:dbus/bus.cc:405] Failed to connect to the bus: Could not parse server address: Unknown address type (examples of valid types are "tcp" and on UNIX "unix")
E             - [pid=20][err] [20:35:1003/055315.296424:ERROR:dbus/bus.cc:405] Failed to connect to the bus: Failed to connect to socket /run/dbus/system_bus_socket: No such file or directory
E             - [pid=20][err] [20:35:1003/055315.717734:ERROR:dbus/bus.cc:405] Failed to connect to the bus: Failed to connect to socket /run/dbus/system_bus_socket: No such file or directory
E             - [pid=20][err] [20:35:1003/055315.717845:ERROR:dbus/bus.cc:405] Failed to connect to the bus: Could not parse server address: Unknown address type (examples of valid types are "tcp" and on UNIX "unix")
E             - [pid=20][err] [20:35:1003/055435.349797:ERROR:dbus/bus.cc:405] Failed to connect to the bus: Could not parse server address: Unknown address type (examples of valid types are "tcp" and on UNIX "unix")

/usr/local/lib/python3.12/site-packages/playwright/_impl/_connection.py:632: TimeoutError
__________________________________________________________________________ ERROR at setup of test_cells_carry_data_available ___________________________________________________________________________

base_url = 'http://df-svc-21d6fc896e6b:8080'

    @pytest.fixture(scope="session")
    def browser(base_url):
        """One headless Chromium for the whole stage-2 run.
    
        Full Chromium, not the default headless shell, which ignores `browser_args`.
        """
        from playwright import sync_api as playwright
        with playwright.sync_playwright() as driver:
>           instance = driver.chromium.launch(channel="chromium", args=browser_args(base_url))
                       ^^^^^^^^^^^^^^^^^^^^^^^^^^^^^^^^^^^^^^^^^^^^^^^^^^^^^^^^^^^^^^^^^^^^^^^

harness/plugin.py:165: 
_ _ _ _ _ _ _ _ _ _ _ _ _ _ _ _ _ _ _ _ _ _ _ _ _ _ _ _ _ _ _ _ _ _ _ _ _ _ _ _ _ _ _ _ _ _ _ _ _ _ _ _ _ _ _ _ _ _ _ _ _ _ _ _ _ _ _ _ _ _ _ _ _ _ _ _ _ _ _ _ _ _ _ _ _ _ _ _ _ _ _ _ _ _ _ _ _ _ _ _ 
/usr/local/lib/python3.12/site-packages/playwright/sync_api/_generated.py:16814: in launch
    self._sync(
/usr/local/lib/python3.12/site-packages/playwright/_impl/_browser_type.py:101: in launch
    await self._channel.send(
/usr/local/lib/python3.12/site-packages/playwright/_impl/_connection.py:76: in send
    return await self._connection.wrap_api_call(
_ _ _ _ _ _ _ _ _ _ _ _ _ _ _ _ _ _ _ _ _ _ _ _ _ _ _ _ _ _ _ _ _ _ _ _ _ _ _ _ _ _ _ _ _ _ _ _ _ _ _ _ _ _ _ _ _ _ _ _ _ _ _ _ _ _ _ _ _ _ _ _ _ _ _ _ _ _ _ _ _ _ _ _ _ _ _ _ _ _ _ _ _ _ _ _ _ _ _ _ 

self = <playwright._impl._connection.Connection object at 0x7fdeed2e31d0>, cb = <function Channel.send.<locals>.<lambda> at 0x7fdeecf32fc0>, is_internal = False, title = None

    async def wrap_api_call(
        self, cb: Callable[[], Any], is_internal: bool = False, title: str = None
    ) -> Any:
        if self._api_zone.get():
            return await cb()
        task = asyncio.current_task(self._loop)
        parsed_st = _attach_api_call_information(
            getattr(task, "__pw_stack__", None) or _capture_stack_trace(),
            is_internal,
            title,
        )
        self._api_zone.set(parsed_st)
        try:
            return await cb()
        except Exception as error:
>           raise rewrite_error(error, f"{parsed_st['apiName']}: {error}") from None
E           playwright._impl._errors.TimeoutError: BrowserType.launch: Timeout 180000ms exceeded.
E           Call log:
E             - <launching> /root/.cache/ms-playwright/chromium-1243/chrome-linux64/chrome --disable-field-trial-config --disable-background-networking --disable-background-timer-throttling --disable-backgrounding-occluded-windows --disable-back-forward-cache --disable-breakpad --disable-client-side-phishing-detection --disable-component-extensions-with-background-pages --disable-component-update --no-default-browser-check --disable-default-apps --disable-dev-shm-usage --disable-edgeupdater --disable-extensions --disable-features=AvoidUnnecessaryBeforeUnloadCheckSync,DestroyProfileOnBrowserClose,DialMediaRouteProvider,GlobalMediaControls,HttpsUpgrades,LensOverlay,MediaRouter,PaintHolding,ThirdPartyStoragePartitioning,BlockOriginHeaderModificationOnRedirect,Translate,AutoDeElevate,OptimizationHints,msForceBrowserSignIn,msEdgeUpdateLaunchServicesPreferredVersion --enable-features=CDPScreenshotNewSurface --allow-pre-commit-input --disable-hang-monitor --disable-ipc-flooding-protection --disable-popup-blocking --disable-prompt-on-repost --disable-renderer-backgrounding --disable-updater-scheduler --force-color-profile=srgb --metrics-recording-only --no-first-run --password-store=basic --use-mock-keychain --no-service-autorun --export-tagged-pdf --disable-search-engine-choice-screen --unsafely-disable-devtools-self-xss-warnings --edge-skip-compat-layer-relaunch --disable-infobars --disable-search-engine-choice-screen --disable-sync --enable-unsafe-swiftshader --headless --hide-scrollbars --mute-audio --blink-settings=primaryHoverType=2,availableHoverTypes=2,primaryPointerType=4,availablePointerTypes=4 --no-sandbox --unsafely-treat-insecure-origin-as-secure=http://df-svc-21d6fc896e6b:8080 --user-data-dir=/tmp/playwright_chromiumdev_profile-kvueYG --remote-debugging-pipe --no-startup-window
E             - <launched> pid=20
E             - [pid=20][err] [20:35:1003/055311.314666:ERROR:dbus/bus.cc:405] Failed to connect to the bus: Failed to connect to socket /run/dbus/system_bus_socket: No such file or directory
E             - [pid=20][err] [20:35:1003/055311.674408:ERROR:dbus/bus.cc:405] Failed to connect to the bus: Could not parse server address: Unknown address type (examples of valid types are "tcp" and on UNIX "unix")
E             - [pid=20][err] [20:35:1003/055315.296424:ERROR:dbus/bus.cc:405] Failed to connect to the bus: Failed to connect to socket /run/dbus/system_bus_socket: No such file or directory
E             - [pid=20][err] [20:35:1003/055315.717734:ERROR:dbus/bus.cc:405] Failed to connect to the bus: Failed to connect to socket /run/dbus/system_bus_socket: No such file or directory
E             - [pid=20][err] [20:35:1003/055315.717845:ERROR:dbus/bus.cc:405] Failed to connect to the bus: Could not parse server address: Unknown address type (examples of valid types are "tcp" and on UNIX "unix")
E             - [pid=20][err] [20:35:1003/055435.349797:ERROR:dbus/bus.cc:405] Failed to connect to the bus: Could not parse server address: Unknown address type (examples of valid types are "tcp" and on UNIX "unix")

/usr/local/lib/python3.12/site-packages/playwright/_impl/_connection.py:632: TimeoutError
___________________________________________________________________________ ERROR at setup of test_closed_day_shows_no_slots ___________________________________________________________________________

base_url = 'http://df-svc-21d6fc896e6b:8080'

    @pytest.fixture(scope="session")
    def browser(base_url):
        """One headless Chromium for the whole stage-2 run.
    
        Full Chromium, not the default headless shell, which ignores `browser_args`.
        """
        from playwright import sync_api as playwright
        with playwright.sync_playwright() as driver:
>           instance = driver.chromium.launch(channel="chromium", args=browser_args(base_url))
                       ^^^^^^^^^^^^^^^^^^^^^^^^^^^^^^^^^^^^^^^^^^^^^^^^^^^^^^^^^^^^^^^^^^^^^^^

harness/plugin.py:165: 
_ _ _ _ _ _ _ _ _ _ _ _ _ _ _ _ _ _ _ _ _ _ _ _ _ _ _ _ _ _ _ _ _ _ _ _ _ _ _ _ _ _ _ _ _ _ _ _ _ _ _ _ _ _ _ _ _ _ _ _ _ _ _ _ _ _ _ _ _ _ _ _ _ _ _ _ _ _ _ _ _ _ _ _ _ _ _ _ _ _ _ _ _ _ _ _ _ _ _ _ 
/usr/local/lib/python3.12/site-packages/playwright/sync_api/_generated.py:16814: in launch
    self._sync(
/usr/local/lib/python3.12/site-packages/playwright/_impl/_browser_type.py:101: in launch
    await self._channel.send(
/usr/local/lib/python3.12/site-packages/playwright/_impl/_connection.py:76: in send
    return await self._connection.wrap_api_call(
_ _ _ _ _ _ _ _ _ _ _ _ _ _ _ _ _ _ _ _ _ _ _ _ _ _ _ _ _ _ _ _ _ _ _ _ _ _ _ _ _ _ _ _ _ _ _ _ _ _ _ _ _ _ _ _ _ _ _ _ _ _ _ _ _ _ _ _ _ _ _ _ _ _ _ _ _ _ _ _ _ _ _ _ _ _ _ _ _ _ _ _ _ _ _ _ _ _ _ _ 

self = <playwright._impl._connection.Connection object at 0x7fdeed2e31d0>, cb = <function Channel.send.<locals>.<lambda> at 0x7fdeecf32fc0>, is_internal = False, title = None

    async def wrap_api_call(
        self, cb: Callable[[], Any], is_internal: bool = False, title: str = None
    ) -> Any:
        if self._api_zone.get():
            return await cb()
        task = asyncio.current_task(self._loop)
        parsed_st = _attach_api_call_information(
            getattr(task, "__pw_stack__", None) or _capture_stack_trace(),
            is_internal,
            title,
        )
        self._api_zone.set(parsed_st)
        try:
            return await cb()
        except Exception as error:
>           raise rewrite_error(error, f"{parsed_st['apiName']}: {error}") from None
E           playwright._impl._errors.TimeoutError: BrowserType.launch: Timeout 180000ms exceeded.
E           Call log:
E             - <launching> /root/.cache/ms-playwright/chromium-1243/chrome-linux64/chrome --disable-field-trial-config --disable-background-networking --disable-background-timer-throttling --disable-backgrounding-occluded-windows --disable-back-forward-cache --disable-breakpad --disable-client-side-phishing-detection --disable-component-extensions-with-background-pages --disable-component-update --no-default-browser-check --disable-default-apps --disable-dev-shm-usage --disable-edgeupdater --disable-extensions --disable-features=AvoidUnnecessaryBeforeUnloadCheckSync,DestroyProfileOnBrowserClose,DialMediaRouteProvider,GlobalMediaControls,HttpsUpgrades,LensOverlay,MediaRouter,PaintHolding,ThirdPartyStoragePartitioning,BlockOriginHeaderModificationOnRedirect,Translate,AutoDeElevate,OptimizationHints,msForceBrowserSignIn,msEdgeUpdateLaunchServicesPreferredVersion --enable-features=CDPScreenshotNewSurface --allow-pre-commit-input --disable-hang-monitor --disable-ipc-flooding-protection --disable-popup-blocking --disable-prompt-on-repost --disable-renderer-backgrounding --disable-updater-scheduler --force-color-profile=srgb --metrics-recording-only --no-first-run --password-store=basic --use-mock-keychain --no-service-autorun --export-tagged-pdf --disable-search-engine-choice-screen --unsafely-disable-devtools-self-xss-warnings --edge-skip-compat-layer-relaunch --disable-infobars --disable-search-engine-choice-screen --disable-sync --enable-unsafe-swiftshader --headless --hide-scrollbars --mute-audio --blink-settings=primaryHoverType=2,availableHoverTypes=2,primaryPointerType=4,availablePointerTypes=4 --no-sandbox --unsafely-treat-insecure-origin-as-secure=http://df-svc-21d6fc896e6b:8080 --user-data-dir=/tmp/playwright_chromiumdev_profile-kvueYG --remote-debugging-pipe --no-startup-window
E             - <launched> pid=20
E             - [pid=20][err] [20:35:1003/055311.314666:ERROR:dbus/bus.cc:405] Failed to connect to the bus: Failed to connect to socket /run/dbus/system_bus_socket: No such file or directory
E             - [pid=20][err] [20:35:1003/055311.674408:ERROR:dbus/bus.cc:405] Failed to connect to the bus: Could not parse server address: Unknown address type (examples of valid types are "tcp" and on UNIX "unix")
E             - [pid=20][err] [20:35:1003/055315.296424:ERROR:dbus/bus.cc:405] Failed to connect to the bus: Failed to connect to socket /run/dbus/system_bus_socket: No such file or directory
E             - [pid=20][err] [20:35:1003/055315.717734:ERROR:dbus/bus.cc:405] Failed to connect to the bus: Failed to connect to socket /run/dbus/system_bus_socket: No such file or directory
E             - [pid=20][err] [20:35:1003/055315.717845:ERROR:dbus/bus.cc:405] Failed to connect to the bus: Could not parse server address: Unknown address type (examples of valid types are "tcp" and on UNIX "unix")
E             - [pid=20][err] [20:35:1003/055435.349797:ERROR:dbus/bus.cc:405] Failed to connect to the bus: Could not parse server address: Unknown address type (examples of valid types are "tcp" and on UNIX "unix")

/usr/local/lib/python3.12/site-packages/playwright/_impl/_connection.py:632: TimeoutError
___________________________________________________________________ ERROR at setup of test_clicking_an_unavailable_cell_does_nothing ___________________________________________________________________

base_url = 'http://df-svc-21d6fc896e6b:8080'

    @pytest.fixture(scope="session")
    def browser(base_url):
        """One headless Chromium for the whole stage-2 run.
    
        Full Chromium, not the default headless shell, which ignores `browser_args`.
        """
        from playwright import sync_api as playwright
        with playwright.sync_playwright() as driver:
>           instance = driver.chromium.launch(channel="chromium", args=browser_args(base_url))
                       ^^^^^^^^^^^^^^^^^^^^^^^^^^^^^^^^^^^^^^^^^^^^^^^^^^^^^^^^^^^^^^^^^^^^^^^

harness/plugin.py:165: 
_ _ _ _ _ _ _ _ _ _ _ _ _ _ _ _ _ _ _ _ _ _ _ _ _ _ _ _ _ _ _ _ _ _ _ _ _ _ _ _ _ _ _ _ _ _ _ _ _ _ _ _ _ _ _ _ _ _ _ _ _ _ _ _ _ _ _ _ _ _ _ _ _ _ _ _ _ _ _ _ _ _ _ _ _ _ _ _ _ _ _ _ _ _ _ _ _ _ _ _ 
/usr/local/lib/python3.12/site-packages/playwright/sync_api/_generated.py:16814: in launch
    self._sync(
/usr/local/lib/python3.12/site-packages/playwright/_impl/_browser_type.py:101: in launch
    await self._channel.send(
/usr/local/lib/python3.12/site-packages/playwright/_impl/_connection.py:76: in send
    return await self._connection.wrap_api_call(
_ _ _ _ _ _ _ _ _ _ _ _ _ _ _ _ _ _ _ _ _ _ _ _ _ _ _ _ _ _ _ _ _ _ _ _ _ _ _ _ _ _ _ _ _ _ _ _ _ _ _ _ _ _ _ _ _ _ _ _ _ _ _ _ _ _ _ _ _ _ _ _ _ _ _ _ _ _ _ _ _ _ _ _ _ _ _ _ _ _ _ _ _ _ _ _ _ _ _ _ 

self = <playwright._impl._connection.Connection object at 0x7fdeed2e31d0>, cb = <function Channel.send.<locals>.<lambda> at 0x7fdeecf32fc0>, is_internal = False, title = None

    async def wrap_api_call(
        self, cb: Callable[[], Any], is_internal: bool = False, title: str = None
    ) -> Any:
        if self._api_zone.get():
            return await cb()
        task = asyncio.current_task(self._loop)
        parsed_st = _attach_api_call_information(
            getattr(task, "__pw_stack__", None) or _capture_stack_trace(),
            is_internal,
            title,
        )
        self._api_zone.set(parsed_st)
        try:
            return await cb()
        except Exception as error:
>           raise rewrite_error(error, f"{parsed_st['apiName']}: {error}") from None
E           playwright._impl._errors.TimeoutError: BrowserType.launch: Timeout 180000ms exceeded.
E           Call log:
E             - <launching> /root/.cache/ms-playwright/chromium-1243/chrome-linux64/chrome --disable-field-trial-config --disable-background-networking --disable-background-timer-throttling --disable-backgrounding-occluded-windows --disable-back-forward-cache --disable-breakpad --disable-client-side-phishing-detection --disable-component-extensions-with-background-pages --disable-component-update --no-default-browser-check --disable-default-apps --disable-dev-shm-usage --disable-edgeupdater --disable-extensions --disable-features=AvoidUnnecessaryBeforeUnloadCheckSync,DestroyProfileOnBrowserClose,DialMediaRouteProvider,GlobalMediaControls,HttpsUpgrades,LensOverlay,MediaRouter,PaintHolding,ThirdPartyStoragePartitioning,BlockOriginHeaderModificationOnRedirect,Translate,AutoDeElevate,OptimizationHints,msForceBrowserSignIn,msEdgeUpdateLaunchServicesPreferredVersion --enable-features=CDPScreenshotNewSurface --allow-pre-commit-input --disable-hang-monitor --disable-ipc-flooding-protection --disable-popup-blocking --disable-prompt-on-repost --disable-renderer-backgrounding --disable-updater-scheduler --force-color-profile=srgb --metrics-recording-only --no-first-run --password-store=basic --use-mock-keychain --no-service-autorun --export-tagged-pdf --disable-search-engine-choice-screen --unsafely-disable-devtools-self-xss-warnings --edge-skip-compat-layer-relaunch --disable-infobars --disable-search-engine-choice-screen --disable-sync --enable-unsafe-swiftshader --headless --hide-scrollbars --mute-audio --blink-settings=primaryHoverType=2,availableHoverTypes=2,primaryPointerType=4,availablePointerTypes=4 --no-sandbox --unsafely-treat-insecure-origin-as-secure=http://df-svc-21d6fc896e6b:8080 --user-data-dir=/tmp/playwright_chromiumdev_profile-kvueYG --remote-debugging-pipe --no-startup-window
E             - <launched> pid=20
E             - [pid=20][err] [20:35:1003/055311.314666:ERROR:dbus/bus.cc:405] Failed to connect to the bus: Failed to connect to socket /run/dbus/system_bus_socket: No such file or directory
E             - [pid=20][err] [20:35:1003/055311.674408:ERROR:dbus/bus.cc:405] Failed to connect to the bus: Could not parse server address: Unknown address type (examples of valid types are "tcp" and on UNIX "unix")
E             - [pid=20][err] [20:35:1003/055315.296424:ERROR:dbus/bus.cc:405] Failed to connect to the bus: Failed to connect to socket /run/dbus/system_bus_socket: No such file or directory
E             - [pid=20][err] [20:35:1003/055315.717734:ERROR:dbus/bus.cc:405] Failed to connect to the bus: Failed to connect to socket /run/dbus/system_bus_socket: No such file or directory
E             - [pid=20][err] [20:35:1003/055315.717845:ERROR:dbus/bus.cc:405] Failed to connect to the bus: Could not parse server address: Unknown address type (examples of valid types are "tcp" and on UNIX "unix")
E             - [pid=20][err] [20:35:1003/055435.349797:ERROR:dbus/bus.cc:405] Failed to connect to the bus: Could not parse server address: Unknown address type (examples of valid types are "tcp" and on UNIX "unix")

/usr/local/lib/python3.12/site-packages/playwright/_impl/_connection.py:632: TimeoutError
__________________________________________________________ ERROR at setup of test_booking_while_signed_out_shows_auth_error_or_goes_to_login ___________________________________________________________

base_url = 'http://df-svc-21d6fc896e6b:8080'

    @pytest.fixture(scope="session")
    def browser(base_url):
        """One headless Chromium for the whole stage-2 run.
    
        Full Chromium, not the default headless shell, which ignores `browser_args`.
        """
        from playwright import sync_api as playwright
        with playwright.sync_playwright() as driver:
>           instance = driver.chromium.launch(channel="chromium", args=browser_args(base_url))
                       ^^^^^^^^^^^^^^^^^^^^^^^^^^^^^^^^^^^^^^^^^^^^^^^^^^^^^^^^^^^^^^^^^^^^^^^

harness/plugin.py:165: 
_ _ _ _ _ _ _ _ _ _ _ _ _ _ _ _ _ _ _ _ _ _ _ _ _ _ _ _ _ _ _ _ _ _ _ _ _ _ _ _ _ _ _ _ _ _ _ _ _ _ _ _ _ _ _ _ _ _ _ _ _ _ _ _ _ _ _ _ _ _ _ _ _ _ _ _ _ _ _ _ _ _ _ _ _ _ _ _ _ _ _ _ _ _ _ _ _ _ _ _ 
/usr/local/lib/python3.12/site-packages/playwright/sync_api/_generated.py:16814: in launch
    self._sync(
/usr/local/lib/python3.12/site-packages/playwright/_impl/_browser_type.py:101: in launch
    await self._channel.send(
/usr/local/lib/python3.12/site-packages/playwright/_impl/_connection.py:76: in send
    return await self._connection.wrap_api_call(
_ _ _ _ _ _ _ _ _ _ _ _ _ _ _ _ _ _ _ _ _ _ _ _ _ _ _ _ _ _ _ _ _ _ _ _ _ _ _ _ _ _ _ _ _ _ _ _ _ _ _ _ _ _ _ _ _ _ _ _ _ _ _ _ _ _ _ _ _ _ _ _ _ _ _ _ _ _ _ _ _ _ _ _ _ _ _ _ _ _ _ _ _ _ _ _ _ _ _ _ 

self = <playwright._impl._connection.Connection object at 0x7fdeed2e31d0>, cb = <function Channel.send.<locals>.<lambda> at 0x7fdeecf32fc0>, is_internal = False, title = None

    async def wrap_api_call(
        self, cb: Callable[[], Any], is_internal: bool = False, title: str = None
    ) -> Any:
        if self._api_zone.get():
            return await cb()
        task = asyncio.current_task(self._loop)
        parsed_st = _attach_api_call_information(
            getattr(task, "__pw_stack__", None) or _capture_stack_trace(),
            is_internal,
            title,
        )
        self._api_zone.set(parsed_st)
        try:
            return await cb()
        except Exception as error:
>           raise rewrite_error(error, f"{parsed_st['apiName']}: {error}") from None
E           playwright._impl._errors.TimeoutError: BrowserType.launch: Timeout 180000ms exceeded.
E           Call log:
E             - <launching> /root/.cache/ms-playwright/chromium-1243/chrome-linux64/chrome --disable-field-trial-config --disable-background-networking --disable-background-timer-throttling --disable-backgrounding-occluded-windows --disable-back-forward-cache --disable-breakpad --disable-client-side-phishing-detection --disable-component-extensions-with-background-pages --disable-component-update --no-default-browser-check --disable-default-apps --disable-dev-shm-usage --disable-edgeupdater --disable-extensions --disable-features=AvoidUnnecessaryBeforeUnloadCheckSync,DestroyProfileOnBrowserClose,DialMediaRouteProvider,GlobalMediaControls,HttpsUpgrades,LensOverlay,MediaRouter,PaintHolding,ThirdPartyStoragePartitioning,BlockOriginHeaderModificationOnRedirect,Translate,AutoDeElevate,OptimizationHints,msForceBrowserSignIn,msEdgeUpdateLaunchServicesPreferredVersion --enable-features=CDPScreenshotNewSurface --allow-pre-commit-input --disable-hang-monitor --disable-ipc-flooding-protection --disable-popup-blocking --disable-prompt-on-repost --disable-renderer-backgrounding --disable-updater-scheduler --force-color-profile=srgb --metrics-recording-only --no-first-run --password-store=basic --use-mock-keychain --no-service-autorun --export-tagged-pdf --disable-search-engine-choice-screen --unsafely-disable-devtools-self-xss-warnings --edge-skip-compat-layer-relaunch --disable-infobars --disable-search-engine-choice-screen --disable-sync --enable-unsafe-swiftshader --headless --hide-scrollbars --mute-audio --blink-settings=primaryHoverType=2,availableHoverTypes=2,primaryPointerType=4,availablePointerTypes=4 --no-sandbox --unsafely-treat-insecure-origin-as-secure=http://df-svc-21d6fc896e6b:8080 --user-data-dir=/tmp/playwright_chromiumdev_profile-kvueYG --remote-debugging-pipe --no-startup-window
E             - <launched> pid=20
E             - [pid=20][err] [20:35:1003/055311.314666:ERROR:dbus/bus.cc:405] Failed to connect to the bus: Failed to connect to socket /run/dbus/system_bus_socket: No such file or directory
E             - [pid=20][err] [20:35:1003/055311.674408:ERROR:dbus/bus.cc:405] Failed to connect to the bus: Could not parse server address: Unknown address type (examples of valid types are "tcp" and on UNIX "unix")
E             - [pid=20][err] [20:35:1003/055315.296424:ERROR:dbus/bus.cc:405] Failed to connect to the bus: Failed to connect to socket /run/dbus/system_bus_socket: No such file or directory
E             - [pid=20][err] [20:35:1003/055315.717734:ERROR:dbus/bus.cc:405] Failed to connect to the bus: Failed to connect to socket /run/dbus/system_bus_socket: No such file or directory
E             - [pid=20][err] [20:35:1003/055315.717845:ERROR:dbus/bus.cc:405] Failed to connect to the bus: Could not parse server address: Unknown address type (examples of valid types are "tcp" and on UNIX "unix")
E             - [pid=20][err] [20:35:1003/055435.349797:ERROR:dbus/bus.cc:405] Failed to connect to the bus: Could not parse server address: Unknown address type (examples of valid types are "tcp" and on UNIX "unix")

/usr/local/lib/python3.12/site-packages/playwright/_impl/_connection.py:632: TimeoutError
________________________________________________________________ ERROR at setup of test_a_booked_slot_is_unavailable_on_the_next_search ________________________________________________________________

base_url = 'http://df-svc-21d6fc896e6b:8080'

    @pytest.fixture(scope="session")
    def browser(base_url):
        """One headless Chromium for the whole stage-2 run.
    
        Full Chromium, not the default headless shell, which ignores `browser_args`.
        """
        from playwright import sync_api as playwright
        with playwright.sync_playwright() as driver:
>           instance = driver.chromium.launch(channel="chromium", args=browser_args(base_url))
                       ^^^^^^^^^^^^^^^^^^^^^^^^^^^^^^^^^^^^^^^^^^^^^^^^^^^^^^^^^^^^^^^^^^^^^^^

harness/plugin.py:165: 
_ _ _ _ _ _ _ _ _ _ _ _ _ _ _ _ _ _ _ _ _ _ _ _ _ _ _ _ _ _ _ _ _ _ _ _ _ _ _ _ _ _ _ _ _ _ _ _ _ _ _ _ _ _ _ _ _ _ _ _ _ _ _ _ _ _ _ _ _ _ _ _ _ _ _ _ _ _ _ _ _ _ _ _ _ _ _ _ _ _ _ _ _ _ _ _ _ _ _ _ 
/usr/local/lib/python3.12/site-packages/playwright/sync_api/_generated.py:16814: in launch
    self._sync(
/usr/local/lib/python3.12/site-packages/playwright/_impl/_browser_type.py:101: in launch
    await self._channel.send(
/usr/local/lib/python3.12/site-packages/playwright/_impl/_connection.py:76: in send
    return await self._connection.wrap_api_call(
_ _ _ _ _ _ _ _ _ _ _ _ _ _ _ _ _ _ _ _ _ _ _ _ _ _ _ _ _ _ _ _ _ _ _ _ _ _ _ _ _ _ _ _ _ _ _ _ _ _ _ _ _ _ _ _ _ _ _ _ _ _ _ _ _ _ _ _ _ _ _ _ _ _ _ _ _ _ _ _ _ _ _ _ _ _ _ _ _ _ _ _ _ _ _ _ _ _ _ _ 

self = <playwright._impl._connection.Connection object at 0x7fdeed2e31d0>, cb = <function Channel.send.<locals>.<lambda> at 0x7fdeecf32fc0>, is_internal = False, title = None

    async def wrap_api_call(
        self, cb: Callable[[], Any], is_internal: bool = False, title: str = None
    ) -> Any:
        if self._api_zone.get():
            return await cb()
        task = asyncio.current_task(self._loop)
        parsed_st = _attach_api_call_information(
            getattr(task, "__pw_stack__", None) or _capture_stack_trace(),
            is_internal,
            title,
        )
        self._api_zone.set(parsed_st)
        try:
            return await cb()
        except Exception as error:
>           raise rewrite_error(error, f"{parsed_st['apiName']}: {error}") from None
E           playwright._impl._errors.TimeoutError: BrowserType.launch: Timeout 180000ms exceeded.
E           Call log:
E             - <launching> /root/.cache/ms-playwright/chromium-1243/chrome-linux64/chrome --disable-field-trial-config --disable-background-networking --disable-background-timer-throttling --disable-backgrounding-occluded-windows --disable-back-forward-cache --disable-breakpad --disable-client-side-phishing-detection --disable-component-extensions-with-background-pages --disable-component-update --no-default-browser-check --disable-default-apps --disable-dev-shm-usage --disable-edgeupdater --disable-extensions --disable-features=AvoidUnnecessaryBeforeUnloadCheckSync,DestroyProfileOnBrowserClose,DialMediaRouteProvider,GlobalMediaControls,HttpsUpgrades,LensOverlay,MediaRouter,PaintHolding,ThirdPartyStoragePartitioning,BlockOriginHeaderModificationOnRedirect,Translate,AutoDeElevate,OptimizationHints,msForceBrowserSignIn,msEdgeUpdateLaunchServicesPreferredVersion --enable-features=CDPScreenshotNewSurface --allow-pre-commit-input --disable-hang-monitor --disable-ipc-flooding-protection --disable-popup-blocking --disable-prompt-on-repost --disable-renderer-backgrounding --disable-updater-scheduler --force-color-profile=srgb --metrics-recording-only --no-first-run --password-store=basic --use-mock-keychain --no-service-autorun --export-tagged-pdf --disable-search-engine-choice-screen --unsafely-disable-devtools-self-xss-warnings --edge-skip-compat-layer-relaunch --disable-infobars --disable-search-engine-choice-screen --disable-sync --enable-unsafe-swiftshader --headless --hide-scrollbars --mute-audio --blink-settings=primaryHoverType=2,availableHoverTypes=2,primaryPointerType=4,availablePointerTypes=4 --no-sandbox --unsafely-treat-insecure-origin-as-secure=http://df-svc-21d6fc896e6b:8080 --user-data-dir=/tmp/playwright_chromiumdev_profile-kvueYG --remote-debugging-pipe --no-startup-window
E             - <launched> pid=20
E             - [pid=20][err] [20:35:1003/055311.314666:ERROR:dbus/bus.cc:405] Failed to connect to the bus: Failed to connect to socket /run/dbus/system_bus_socket: No such file or directory
E             - [pid=20][err] [20:35:1003/055311.674408:ERROR:dbus/bus.cc:405] Failed to connect to the bus: Could not parse server address: Unknown address type (examples of valid types are "tcp" and on UNIX "unix")
E             - [pid=20][err] [20:35:1003/055315.296424:ERROR:dbus/bus.cc:405] Failed to connect to the bus: Failed to connect to socket /run/dbus/system_bus_socket: No such file or directory
E             - [pid=20][err] [20:35:1003/055315.717734:ERROR:dbus/bus.cc:405] Failed to connect to the bus: Failed to connect to socket /run/dbus/system_bus_socket: No such file or directory
E             - [pid=20][err] [20:35:1003/055315.717845:ERROR:dbus/bus.cc:405] Failed to connect to the bus: Could not parse server address: Unknown address type (examples of valid types are "tcp" and on UNIX "unix")
E             - [pid=20][err] [20:35:1003/055435.349797:ERROR:dbus/bus.cc:405] Failed to connect to the bus: Could not parse server address: Unknown address type (examples of valid types are "tcp" and on UNIX "unix")

/usr/local/lib/python3.12/site-packages/playwright/_impl/_connection.py:632: TimeoutError
_________________________________________________________________ ERROR at setup of test_booking_error_is_shown_when_the_booking_fails _________________________________________________________________

base_url = 'http://df-svc-21d6fc896e6b:8080'

    @pytest.fixture(scope="session")
    def browser(base_url):
        """One headless Chromium for the whole stage-2 run.
    
        Full Chromium, not the default headless shell, which ignores `browser_args`.
        """
        from playwright import sync_api as playwright
        with playwright.sync_playwright() as driver:
>           instance = driver.chromium.launch(channel="chromium", args=browser_args(base_url))
                       ^^^^^^^^^^^^^^^^^^^^^^^^^^^^^^^^^^^^^^^^^^^^^^^^^^^^^^^^^^^^^^^^^^^^^^^

harness/plugin.py:165: 
_ _ _ _ _ _ _ _ _ _ _ _ _ _ _ _ _ _ _ _ _ _ _ _ _ _ _ _ _ _ _ _ _ _ _ _ _ _ _ _ _ _ _ _ _ _ _ _ _ _ _ _ _ _ _ _ _ _ _ _ _ _ _ _ _ _ _ _ _ _ _ _ _ _ _ _ _ _ _ _ _ _ _ _ _ _ _ _ _ _ _ _ _ _ _ _ _ _ _ _ 
/usr/local/lib/python3.12/site-packages/playwright/sync_api/_generated.py:16814: in launch
    self._sync(
/usr/local/lib/python3.12/site-packages/playwright/_impl/_browser_type.py:101: in launch
    await self._channel.send(
/usr/local/lib/python3.12/site-packages/playwright/_impl/_connection.py:76: in send
    return await self._connection.wrap_api_call(
_ _ _ _ _ _ _ _ _ _ _ _ _ _ _ _ _ _ _ _ _ _ _ _ _ _ _ _ _ _ _ _ _ _ _ _ _ _ _ _ _ _ _ _ _ _ _ _ _ _ _ _ _ _ _ _ _ _ _ _ _ _ _ _ _ _ _ _ _ _ _ _ _ _ _ _ _ _ _ _ _ _ _ _ _ _ _ _ _ _ _ _ _ _ _ _ _ _ _ _ 

self = <playwright._impl._connection.Connection object at 0x7fdeed2e31d0>, cb = <function Channel.send.<locals>.<lambda> at 0x7fdeecf32fc0>, is_internal = False, title = None

    async def wrap_api_call(
        self, cb: Callable[[], Any], is_internal: bool = False, title: str = None
    ) -> Any:
        if self._api_zone.get():
            return await cb()
        task = asyncio.current_task(self._loop)
        parsed_st = _attach_api_call_information(
            getattr(task, "__pw_stack__", None) or _capture_stack_trace(),
            is_internal,
            title,
        )
        self._api_zone.set(parsed_st)
        try:
            return await cb()
        except Exception as error:
>           raise rewrite_error(error, f"{parsed_st['apiName']}: {error}") from None
E           playwright._impl._errors.TimeoutError: BrowserType.launch: Timeout 180000ms exceeded.
E           Call log:
E             - <launching> /root/.cache/ms-playwright/chromium-1243/chrome-linux64/chrome --disable-field-trial-config --disable-background-networking --disable-background-timer-throttling --disable-backgrounding-occluded-windows --disable-back-forward-cache --disable-breakpad --disable-client-side-phishing-detection --disable-component-extensions-with-background-pages --disable-component-update --no-default-browser-check --disable-default-apps --disable-dev-shm-usage --disable-edgeupdater --disable-extensions --disable-features=AvoidUnnecessaryBeforeUnloadCheckSync,DestroyProfileOnBrowserClose,DialMediaRouteProvider,GlobalMediaControls,HttpsUpgrades,LensOverlay,MediaRouter,PaintHolding,ThirdPartyStoragePartitioning,BlockOriginHeaderModificationOnRedirect,Translate,AutoDeElevate,OptimizationHints,msForceBrowserSignIn,msEdgeUpdateLaunchServicesPreferredVersion --enable-features=CDPScreenshotNewSurface --allow-pre-commit-input --disable-hang-monitor --disable-ipc-flooding-protection --disable-popup-blocking --disable-prompt-on-repost --disable-renderer-backgrounding --disable-updater-scheduler --force-color-profile=srgb --metrics-recording-only --no-first-run --password-store=basic --use-mock-keychain --no-service-autorun --export-tagged-pdf --disable-search-engine-choice-screen --unsafely-disable-devtools-self-xss-warnings --edge-skip-compat-layer-relaunch --disable-infobars --disable-search-engine-choice-screen --disable-sync --enable-unsafe-swiftshader --headless --hide-scrollbars --mute-audio --blink-settings=primaryHoverType=2,availableHoverTypes=2,primaryPointerType=4,availablePointerTypes=4 --no-sandbox --unsafely-treat-insecure-origin-as-secure=http://df-svc-21d6fc896e6b:8080 --user-data-dir=/tmp/playwright_chromiumdev_profile-kvueYG --remote-debugging-pipe --no-startup-window
E             - <launched> pid=20
E             - [pid=20][err] [20:35:1003/055311.314666:ERROR:dbus/bus.cc:405] Failed to connect to the bus: Failed to connect to socket /run/dbus/system_bus_socket: No such file or directory
E             - [pid=20][err] [20:35:1003/055311.674408:ERROR:dbus/bus.cc:405] Failed to connect to the bus: Could not parse server address: Unknown address type (examples of valid types are "tcp" and on UNIX "unix")
E             - [pid=20][err] [20:35:1003/055315.296424:ERROR:dbus/bus.cc:405] Failed to connect to the bus: Failed to connect to socket /run/dbus/system_bus_socket: No such file or directory
E             - [pid=20][err] [20:35:1003/055315.717734:ERROR:dbus/bus.cc:405] Failed to connect to the bus: Failed to connect to socket /run/dbus/system_bus_socket: No such file or directory
E             - [pid=20][err] [20:35:1003/055315.717845:ERROR:dbus/bus.cc:405] Failed to connect to the bus: Could not parse server address: Unknown address type (examples of valid types are "tcp" and on UNIX "unix")
E             - [pid=20][err] [20:35:1003/055435.349797:ERROR:dbus/bus.cc:405] Failed to connect to the bus: Could not parse server address: Unknown address type (examples of valid types are "tcp" and on UNIX "unix")

/usr/local/lib/python3.12/site-packages/playwright/_impl/_connection.py:632: TimeoutError
_________________________________________________________________________ ERROR at setup of test_lookup_shows_the_reservation __________________________________________________________________________

base_url = 'http://df-svc-21d6fc896e6b:8080'

    @pytest.fixture(scope="session")
    def browser(base_url):
        """One headless Chromium for the whole stage-2 run.
    
        Full Chromium, not the default headless shell, which ignores `browser_args`.
        """
        from playwright import sync_api as playwright
        with playwright.sync_playwright() as driver:
>           instance = driver.chromium.launch(channel="chromium", args=browser_args(base_url))
                       ^^^^^^^^^^^^^^^^^^^^^^^^^^^^^^^^^^^^^^^^^^^^^^^^^^^^^^^^^^^^^^^^^^^^^^^

harness/plugin.py:165: 
_ _ _ _ _ _ _ _ _ _ _ _ _ _ _ _ _ _ _ _ _ _ _ _ _ _ _ _ _ _ _ _ _ _ _ _ _ _ _ _ _ _ _ _ _ _ _ _ _ _ _ _ _ _ _ _ _ _ _ _ _ _ _ _ _ _ _ _ _ _ _ _ _ _ _ _ _ _ _ _ _ _ _ _ _ _ _ _ _ _ _ _ _ _ _ _ _ _ _ _ 
/usr/local/lib/python3.12/site-packages/playwright/sync_api/_generated.py:16814: in launch
    self._sync(
/usr/local/lib/python3.12/site-packages/playwright/_impl/_browser_type.py:101: in launch
    await self._channel.send(
/usr/local/lib/python3.12/site-packages/playwright/_impl/_connection.py:76: in send
    return await self._connection.wrap_api_call(
_ _ _ _ _ _ _ _ _ _ _ _ _ _ _ _ _ _ _ _ _ _ _ _ _ _ _ _ _ _ _ _ _ _ _ _ _ _ _ _ _ _ _ _ _ _ _ _ _ _ _ _ _ _ _ _ _ _ _ _ _ _ _ _ _ _ _ _ _ _ _ _ _ _ _ _ _ _ _ _ _ _ _ _ _ _ _ _ _ _ _ _ _ _ _ _ _ _ _ _ 

self = <playwright._impl._connection.Connection object at 0x7fdeed2e31d0>, cb = <function Channel.send.<locals>.<lambda> at 0x7fdeecf32fc0>, is_internal = False, title = None

    async def wrap_api_call(
        self, cb: Callable[[], Any], is_internal: bool = False, title: str = None
    ) -> Any:
        if self._api_zone.get():
            return await cb()
        task = asyncio.current_task(self._loop)
        parsed_st = _attach_api_call_information(
            getattr(task, "__pw_stack__", None) or _capture_stack_trace(),
            is_internal,
            title,
        )
        self._api_zone.set(parsed_st)
        try:
            return await cb()
        except Exception as error:
>           raise rewrite_error(error, f"{parsed_st['apiName']}: {error}") from None
E           playwright._impl._errors.TimeoutError: BrowserType.launch: Timeout 180000ms exceeded.
E           Call log:
E             - <launching> /root/.cache/ms-playwright/chromium-1243/chrome-linux64/chrome --disable-field-trial-config --disable-background-networking --disable-background-timer-throttling --disable-backgrounding-occluded-windows --disable-back-forward-cache --disable-breakpad --disable-client-side-phishing-detection --disable-component-extensions-with-background-pages --disable-component-update --no-default-browser-check --disable-default-apps --disable-dev-shm-usage --disable-edgeupdater --disable-extensions --disable-features=AvoidUnnecessaryBeforeUnloadCheckSync,DestroyProfileOnBrowserClose,DialMediaRouteProvider,GlobalMediaControls,HttpsUpgrades,LensOverlay,MediaRouter,PaintHolding,ThirdPartyStoragePartitioning,BlockOriginHeaderModificationOnRedirect,Translate,AutoDeElevate,OptimizationHints,msForceBrowserSignIn,msEdgeUpdateLaunchServicesPreferredVersion --enable-features=CDPScreenshotNewSurface --allow-pre-commit-input --disable-hang-monitor --disable-ipc-flooding-protection --disable-popup-blocking --disable-prompt-on-repost --disable-renderer-backgrounding --disable-updater-scheduler --force-color-profile=srgb --metrics-recording-only --no-first-run --password-store=basic --use-mock-keychain --no-service-autorun --export-tagged-pdf --disable-search-engine-choice-screen --unsafely-disable-devtools-self-xss-warnings --edge-skip-compat-layer-relaunch --disable-infobars --disable-search-engine-choice-screen --disable-sync --enable-unsafe-swiftshader --headless --hide-scrollbars --mute-audio --blink-settings=primaryHoverType=2,availableHoverTypes=2,primaryPointerType=4,availablePointerTypes=4 --no-sandbox --unsafely-treat-insecure-origin-as-secure=http://df-svc-21d6fc896e6b:8080 --user-data-dir=/tmp/playwright_chromiumdev_profile-kvueYG --remote-debugging-pipe --no-startup-window
E             - <launched> pid=20
E             - [pid=20][err] [20:35:1003/055311.314666:ERROR:dbus/bus.cc:405] Failed to connect to the bus: Failed to connect to socket /run/dbus/system_bus_socket: No such file or directory
E             - [pid=20][err] [20:35:1003/055311.674408:ERROR:dbus/bus.cc:405] Failed to connect to the bus: Could not parse server address: Unknown address type (examples of valid types are "tcp" and on UNIX "unix")
E             - [pid=20][err] [20:35:1003/055315.296424:ERROR:dbus/bus.cc:405] Failed to connect to the bus: Failed to connect to socket /run/dbus/system_bus_socket: No such file or directory
E             - [pid=20][err] [20:35:1003/055315.717734:ERROR:dbus/bus.cc:405] Failed to connect to the bus: Failed to connect to socket /run/dbus/system_bus_socket: No such file or directory
E             - [pid=20][err] [20:35:1003/055315.717845:ERROR:dbus/bus.cc:405] Failed to connect to the bus: Could not parse server address: Unknown address type (examples of valid types are "tcp" and on UNIX "unix")
E             - [pid=20][err] [20:35:1003/055435.349797:ERROR:dbus/bus.cc:405] Failed to connect to the bus: Could not parse server address: Unknown address type (examples of valid types are "tcp" and on UNIX "unix")

/usr/local/lib/python3.12/site-packages/playwright/_impl/_connection.py:632: TimeoutError
______________________________________________________________ ERROR at setup of test_cancel_from_lookup_updates_without_a_manual_reload _______________________________________________________________

base_url = 'http://df-svc-21d6fc896e6b:8080'

    @pytest.fixture(scope="session")
    def browser(base_url):
        """One headless Chromium for the whole stage-2 run.
    
        Full Chromium, not the default headless shell, which ignores `browser_args`.
        """
        from playwright import sync_api as playwright
        with playwright.sync_playwright() as driver:
>           instance = driver.chromium.launch(channel="chromium", args=browser_args(base_url))
                       ^^^^^^^^^^^^^^^^^^^^^^^^^^^^^^^^^^^^^^^^^^^^^^^^^^^^^^^^^^^^^^^^^^^^^^^

harness/plugin.py:165: 
_ _ _ _ _ _ _ _ _ _ _ _ _ _ _ _ _ _ _ _ _ _ _ _ _ _ _ _ _ _ _ _ _ _ _ _ _ _ _ _ _ _ _ _ _ _ _ _ _ _ _ _ _ _ _ _ _ _ _ _ _ _ _ _ _ _ _ _ _ _ _ _ _ _ _ _ _ _ _ _ _ _ _ _ _ _ _ _ _ _ _ _ _ _ _ _ _ _ _ _ 
/usr/local/lib/python3.12/site-packages/playwright/sync_api/_generated.py:16814: in launch
    self._sync(
/usr/local/lib/python3.12/site-packages/playwright/_impl/_browser_type.py:101: in launch
    await self._channel.send(
/usr/local/lib/python3.12/site-packages/playwright/_impl/_connection.py:76: in send
    return await self._connection.wrap_api_call(
_ _ _ _ _ _ _ _ _ _ _ _ _ _ _ _ _ _ _ _ _ _ _ _ _ _ _ _ _ _ _ _ _ _ _ _ _ _ _ _ _ _ _ _ _ _ _ _ _ _ _ _ _ _ _ _ _ _ _ _ _ _ _ _ _ _ _ _ _ _ _ _ _ _ _ _ _ _ _ _ _ _ _ _ _ _ _ _ _ _ _ _ _ _ _ _ _ _ _ _ 

self = <playwright._impl._connection.Connection object at 0x7fdeed2e31d0>, cb = <function Channel.send.<locals>.<lambda> at 0x7fdeecf32fc0>, is_internal = False, title = None

    async def wrap_api_call(
        self, cb: Callable[[], Any], is_internal: bool = False, title: str = None
    ) -> Any:
        if self._api_zone.get():
            return await cb()
        task = asyncio.current_task(self._loop)
        parsed_st = _attach_api_call_information(
            getattr(task, "__pw_stack__", None) or _capture_stack_trace(),
            is_internal,
            title,
        )
        self._api_zone.set(parsed_st)
        try:
            return await cb()
        except Exception as error:
>           raise rewrite_error(error, f"{parsed_st['apiName']}: {error}") from None
E           playwright._impl._errors.TimeoutError: BrowserType.launch: Timeout 180000ms exceeded.
E           Call log:
E             - <launching> /root/.cache/ms-playwright/chromium-1243/chrome-linux64/chrome --disable-field-trial-config --disable-background-networking --disable-background-timer-throttling --disable-backgrounding-occluded-windows --disable-back-forward-cache --disable-breakpad --disable-client-side-phishing-detection --disable-component-extensions-with-background-pages --disable-component-update --no-default-browser-check --disable-default-apps --disable-dev-shm-usage --disable-edgeupdater --disable-extensions --disable-features=AvoidUnnecessaryBeforeUnloadCheckSync,DestroyProfileOnBrowserClose,DialMediaRouteProvider,GlobalMediaControls,HttpsUpgrades,LensOverlay,MediaRouter,PaintHolding,ThirdPartyStoragePartitioning,BlockOriginHeaderModificationOnRedirect,Translate,AutoDeElevate,OptimizationHints,msForceBrowserSignIn,msEdgeUpdateLaunchServicesPreferredVersion --enable-features=CDPScreenshotNewSurface --allow-pre-commit-input --disable-hang-monitor --disable-ipc-flooding-protection --disable-popup-blocking --disable-prompt-on-repost --disable-renderer-backgrounding --disable-updater-scheduler --force-color-profile=srgb --metrics-recording-only --no-first-run --password-store=basic --use-mock-keychain --no-service-autorun --export-tagged-pdf --disable-search-engine-choice-screen --unsafely-disable-devtools-self-xss-warnings --edge-skip-compat-layer-relaunch --disable-infobars --disable-search-engine-choice-screen --disable-sync --enable-unsafe-swiftshader --headless --hide-scrollbars --mute-audio --blink-settings=primaryHoverType=2,availableHoverTypes=2,primaryPointerType=4,availablePointerTypes=4 --no-sandbox --unsafely-treat-insecure-origin-as-secure=http://df-svc-21d6fc896e6b:8080 --user-data-dir=/tmp/playwright_chromiumdev_profile-kvueYG --remote-debugging-pipe --no-startup-window
E             - <launched> pid=20
E             - [pid=20][err] [20:35:1003/055311.314666:ERROR:dbus/bus.cc:405] Failed to connect to the bus: Failed to connect to socket /run/dbus/system_bus_socket: No such file or directory
E             - [pid=20][err] [20:35:1003/055311.674408:ERROR:dbus/bus.cc:405] Failed to connect to the bus: Could not parse server address: Unknown address type (examples of valid types are "tcp" and on UNIX "unix")
E             - [pid=20][err] [20:35:1003/055315.296424:ERROR:dbus/bus.cc:405] Failed to connect to the bus: Failed to connect to socket /run/dbus/system_bus_socket: No such file or directory
E             - [pid=20][err] [20:35:1003/055315.717734:ERROR:dbus/bus.cc:405] Failed to connect to the bus: Failed to connect to socket /run/dbus/system_bus_socket: No such file or directory
E             - [pid=20][err] [20:35:1003/055315.717845:ERROR:dbus/bus.cc:405] Failed to connect to the bus: Could not parse server address: Unknown address type (examples of valid types are "tcp" and on UNIX "unix")
E             - [pid=20][err] [20:35:1003/055435.349797:ERROR:dbus/bus.cc:405] Failed to connect to the bus: Could not parse server address: Unknown address type (examples of valid types are "tcp" and on UNIX "unix")

/usr/local/lib/python3.12/site-packages/playwright/_impl/_connection.py:632: TimeoutError
___________________________________________________________________________ ERROR at setup of test_cancelling_frees_the_slot ___________________________________________________________________________

base_url = 'http://df-svc-21d6fc896e6b:8080'

    @pytest.fixture(scope="session")
    def browser(base_url):
        """One headless Chromium for the whole stage-2 run.
    
        Full Chromium, not the default headless shell, which ignores `browser_args`.
        """
        from playwright import sync_api as playwright
        with playwright.sync_playwright() as driver:
>           instance = driver.chromium.launch(channel="chromium", args=browser_args(base_url))
                       ^^^^^^^^^^^^^^^^^^^^^^^^^^^^^^^^^^^^^^^^^^^^^^^^^^^^^^^^^^^^^^^^^^^^^^^

harness/plugin.py:165: 
_ _ _ _ _ _ _ _ _ _ _ _ _ _ _ _ _ _ _ _ _ _ _ _ _ _ _ _ _ _ _ _ _ _ _ _ _ _ _ _ _ _ _ _ _ _ _ _ _ _ _ _ _ _ _ _ _ _ _ _ _ _ _ _ _ _ _ _ _ _ _ _ _ _ _ _ _ _ _ _ _ _ _ _ _ _ _ _ _ _ _ _ _ _ _ _ _ _ _ _ 
/usr/local/lib/python3.12/site-packages/playwright/sync_api/_generated.py:16814: in launch
    self._sync(
/usr/local/lib/python3.12/site-packages/playwright/_impl/_browser_type.py:101: in launch
    await self._channel.send(
/usr/local/lib/python3.12/site-packages/playwright/_impl/_connection.py:76: in send
    return await self._connection.wrap_api_call(
_ _ _ _ _ _ _ _ _ _ _ _ _ _ _ _ _ _ _ _ _ _ _ _ _ _ _ _ _ _ _ _ _ _ _ _ _ _ _ _ _ _ _ _ _ _ _ _ _ _ _ _ _ _ _ _ _ _ _ _ _ _ _ _ _ _ _ _ _ _ _ _ _ _ _ _ _ _ _ _ _ _ _ _ _ _ _ _ _ _ _ _ _ _ _ _ _ _ _ _ 

self = <playwright._impl._connection.Connection object at 0x7fdeed2e31d0>, cb = <function Channel.send.<locals>.<lambda> at 0x7fdeecf32fc0>, is_internal = False, title = None

    async def wrap_api_call(
        self, cb: Callable[[], Any], is_internal: bool = False, title: str = None
    ) -> Any:
        if self._api_zone.get():
            return await cb()
        task = asyncio.current_task(self._loop)
        parsed_st = _attach_api_call_information(
            getattr(task, "__pw_stack__", None) or _capture_stack_trace(),
            is_internal,
            title,
        )
        self._api_zone.set(parsed_st)
        try:
            return await cb()
        except Exception as error:
>           raise rewrite_error(error, f"{parsed_st['apiName']}: {error}") from None
E           playwright._impl._errors.TimeoutError: BrowserType.launch: Timeout 180000ms exceeded.
E           Call log:
E             - <launching> /root/.cache/ms-playwright/chromium-1243/chrome-linux64/chrome --disable-field-trial-config --disable-background-networking --disable-background-timer-throttling --disable-backgrounding-occluded-windows --disable-back-forward-cache --disable-breakpad --disable-client-side-phishing-detection --disable-component-extensions-with-background-pages --disable-component-update --no-default-browser-check --disable-default-apps --disable-dev-shm-usage --disable-edgeupdater --disable-extensions --disable-features=AvoidUnnecessaryBeforeUnloadCheckSync,DestroyProfileOnBrowserClose,DialMediaRouteProvider,GlobalMediaControls,HttpsUpgrades,LensOverlay,MediaRouter,PaintHolding,ThirdPartyStoragePartitioning,BlockOriginHeaderModificationOnRedirect,Translate,AutoDeElevate,OptimizationHints,msForceBrowserSignIn,msEdgeUpdateLaunchServicesPreferredVersion --enable-features=CDPScreenshotNewSurface --allow-pre-commit-input --disable-hang-monitor --disable-ipc-flooding-protection --disable-popup-blocking --disable-prompt-on-repost --disable-renderer-backgrounding --disable-updater-scheduler --force-color-profile=srgb --metrics-recording-only --no-first-run --password-store=basic --use-mock-keychain --no-service-autorun --export-tagged-pdf --disable-search-engine-choice-screen --unsafely-disable-devtools-self-xss-warnings --edge-skip-compat-layer-relaunch --disable-infobars --disable-search-engine-choice-screen --disable-sync --enable-unsafe-swiftshader --headless --hide-scrollbars --mute-audio --blink-settings=primaryHoverType=2,availableHoverTypes=2,primaryPointerType=4,availablePointerTypes=4 --no-sandbox --unsafely-treat-insecure-origin-as-secure=http://df-svc-21d6fc896e6b:8080 --user-data-dir=/tmp/playwright_chromiumdev_profile-kvueYG --remote-debugging-pipe --no-startup-window
E             - <launched> pid=20
E             - [pid=20][err] [20:35:1003/055311.314666:ERROR:dbus/bus.cc:405] Failed to connect to the bus: Failed to connect to socket /run/dbus/system_bus_socket: No such file or directory
E             - [pid=20][err] [20:35:1003/055311.674408:ERROR:dbus/bus.cc:405] Failed to connect to the bus: Could not parse server address: Unknown address type (examples of valid types are "tcp" and on UNIX "unix")
E             - [pid=20][err] [20:35:1003/055315.296424:ERROR:dbus/bus.cc:405] Failed to connect to the bus: Failed to connect to socket /run/dbus/system_bus_socket: No such file or directory
E             - [pid=20][err] [20:35:1003/055315.717734:ERROR:dbus/bus.cc:405] Failed to connect to the bus: Failed to connect to socket /run/dbus/system_bus_socket: No such file or directory
E             - [pid=20][err] [20:35:1003/055315.717845:ERROR:dbus/bus.cc:405] Failed to connect to the bus: Could not parse server address: Unknown address type (examples of valid types are "tcp" and on UNIX "unix")
E             - [pid=20][err] [20:35:1003/055435.349797:ERROR:dbus/bus.cc:405] Failed to connect to the bus: Could not parse server address: Unknown address type (examples of valid types are "tcp" and on UNIX "unix")

/usr/local/lib/python3.12/site-packages/playwright/_impl/_connection.py:632: TimeoutError
___________________________________________________________________ ERROR at setup of test_unknown_reference_shows_reservation_error ___________________________________________________________________

base_url = 'http://df-svc-21d6fc896e6b:8080'

    @pytest.fixture(scope="session")
    def browser(base_url):
        """One headless Chromium for the whole stage-2 run.
    
        Full Chromium, not the default headless shell, which ignores `browser_args`.
        """
        from playwright import sync_api as playwright
        with playwright.sync_playwright() as driver:
>           instance = driver.chromium.launch(channel="chromium", args=browser_args(base_url))
                       ^^^^^^^^^^^^^^^^^^^^^^^^^^^^^^^^^^^^^^^^^^^^^^^^^^^^^^^^^^^^^^^^^^^^^^^

harness/plugin.py:165: 
_ _ _ _ _ _ _ _ _ _ _ _ _ _ _ _ _ _ _ _ _ _ _ _ _ _ _ _ _ _ _ _ _ _ _ _ _ _ _ _ _ _ _ _ _ _ _ _ _ _ _ _ _ _ _ _ _ _ _ _ _ _ _ _ _ _ _ _ _ _ _ _ _ _ _ _ _ _ _ _ _ _ _ _ _ _ _ _ _ _ _ _ _ _ _ _ _ _ _ _ 
/usr/local/lib/python3.12/site-packages/playwright/sync_api/_generated.py:16814: in launch
    self._sync(
/usr/local/lib/python3.12/site-packages/playwright/_impl/_browser_type.py:101: in launch
    await self._channel.send(
/usr/local/lib/python3.12/site-packages/playwright/_impl/_connection.py:76: in send
    return await self._connection.wrap_api_call(
_ _ _ _ _ _ _ _ _ _ _ _ _ _ _ _ _ _ _ _ _ _ _ _ _ _ _ _ _ _ _ _ _ _ _ _ _ _ _ _ _ _ _ _ _ _ _ _ _ _ _ _ _ _ _ _ _ _ _ _ _ _ _ _ _ _ _ _ _ _ _ _ _ _ _ _ _ _ _ _ _ _ _ _ _ _ _ _ _ _ _ _ _ _ _ _ _ _ _ _ 

self = <playwright._impl._connection.Connection object at 0x7fdeed2e31d0>, cb = <function Channel.send.<locals>.<lambda> at 0x7fdeecf32fc0>, is_internal = False, title = None

    async def wrap_api_call(
        self, cb: Callable[[], Any], is_internal: bool = False, title: str = None
    ) -> Any:
        if self._api_zone.get():
            return await cb()
        task = asyncio.current_task(self._loop)
        parsed_st = _attach_api_call_information(
            getattr(task, "__pw_stack__", None) or _capture_stack_trace(),
            is_internal,
            title,
        )
        self._api_zone.set(parsed_st)
        try:
            return await cb()
        except Exception as error:
>           raise rewrite_error(error, f"{parsed_st['apiName']}: {error}") from None
E           playwright._impl._errors.TimeoutError: BrowserType.launch: Timeout 180000ms exceeded.
E           Call log:
E             - <launching> /root/.cache/ms-playwright/chromium-1243/chrome-linux64/chrome --disable-field-trial-config --disable-background-networking --disable-background-timer-throttling --disable-backgrounding-occluded-windows --disable-back-forward-cache --disable-breakpad --disable-client-side-phishing-detection --disable-component-extensions-with-background-pages --disable-component-update --no-default-browser-check --disable-default-apps --disable-dev-shm-usage --disable-edgeupdater --disable-extensions --disable-features=AvoidUnnecessaryBeforeUnloadCheckSync,DestroyProfileOnBrowserClose,DialMediaRouteProvider,GlobalMediaControls,HttpsUpgrades,LensOverlay,MediaRouter,PaintHolding,ThirdPartyStoragePartitioning,BlockOriginHeaderModificationOnRedirect,Translate,AutoDeElevate,OptimizationHints,msForceBrowserSignIn,msEdgeUpdateLaunchServicesPreferredVersion --enable-features=CDPScreenshotNewSurface --allow-pre-commit-input --disable-hang-monitor --disable-ipc-flooding-protection --disable-popup-blocking --disable-prompt-on-repost --disable-renderer-backgrounding --disable-updater-scheduler --force-color-profile=srgb --metrics-recording-only --no-first-run --password-store=basic --use-mock-keychain --no-service-autorun --export-tagged-pdf --disable-search-engine-choice-screen --unsafely-disable-devtools-self-xss-warnings --edge-skip-compat-layer-relaunch --disable-infobars --disable-search-engine-choice-screen --disable-sync --enable-unsafe-swiftshader --headless --hide-scrollbars --mute-audio --blink-settings=primaryHoverType=2,availableHoverTypes=2,primaryPointerType=4,availablePointerTypes=4 --no-sandbox --unsafely-treat-insecure-origin-as-secure=http://df-svc-21d6fc896e6b:8080 --user-data-dir=/tmp/playwright_chromiumdev_profile-kvueYG --remote-debugging-pipe --no-startup-window
E             - <launched> pid=20
E             - [pid=20][err] [20:35:1003/055311.314666:ERROR:dbus/bus.cc:405] Failed to connect to the bus: Failed to connect to socket /run/dbus/system_bus_socket: No such file or directory
E             - [pid=20][err] [20:35:1003/055311.674408:ERROR:dbus/bus.cc:405] Failed to connect to the bus: Could not parse server address: Unknown address type (examples of valid types are "tcp" and on UNIX "unix")
E             - [pid=20][err] [20:35:1003/055315.296424:ERROR:dbus/bus.cc:405] Failed to connect to the bus: Failed to connect to socket /run/dbus/system_bus_socket: No such file or directory
E             - [pid=20][err] [20:35:1003/055315.717734:ERROR:dbus/bus.cc:405] Failed to connect to the bus: Failed to connect to socket /run/dbus/system_bus_socket: No such file or directory
E             - [pid=20][err] [20:35:1003/055315.717845:ERROR:dbus/bus.cc:405] Failed to connect to the bus: Could not parse server address: Unknown address type (examples of valid types are "tcp" and on UNIX "unix")
E             - [pid=20][err] [20:35:1003/055435.349797:ERROR:dbus/bus.cc:405] Failed to connect to the bus: Could not parse server address: Unknown address type (examples of valid types are "tcp" and on UNIX "unix")

/usr/local/lib/python3.12/site-packages/playwright/_impl/_connection.py:632: TimeoutError
_________________________________________________________________ ERROR at setup of test_submitting_the_booking_form_twice_books_once __________________________________________________________________

base_url = 'http://df-svc-21d6fc896e6b:8080'

    @pytest.fixture(scope="session")
    def browser(base_url):
        """One headless Chromium for the whole stage-2 run.
    
        Full Chromium, not the default headless shell, which ignores `browser_args`.
        """
        from playwright import sync_api as playwright
        with playwright.sync_playwright() as driver:
>           instance = driver.chromium.launch(channel="chromium", args=browser_args(base_url))
                       ^^^^^^^^^^^^^^^^^^^^^^^^^^^^^^^^^^^^^^^^^^^^^^^^^^^^^^^^^^^^^^^^^^^^^^^

harness/plugin.py:165: 
_ _ _ _ _ _ _ _ _ _ _ _ _ _ _ _ _ _ _ _ _ _ _ _ _ _ _ _ _ _ _ _ _ _ _ _ _ _ _ _ _ _ _ _ _ _ _ _ _ _ _ _ _ _ _ _ _ _ _ _ _ _ _ _ _ _ _ _ _ _ _ _ _ _ _ _ _ _ _ _ _ _ _ _ _ _ _ _ _ _ _ _ _ _ _ _ _ _ _ _ 
/usr/local/lib/python3.12/site-packages/playwright/sync_api/_generated.py:16814: in launch
    self._sync(
/usr/local/lib/python3.12/site-packages/playwright/_impl/_browser_type.py:101: in launch
    await self._channel.send(
/usr/local/lib/python3.12/site-packages/playwright/_impl/_connection.py:76: in send
    return await self._connection.wrap_api_call(
_ _ _ _ _ _ _ _ _ _ _ _ _ _ _ _ _ _ _ _ _ _ _ _ _ _ _ _ _ _ _ _ _ _ _ _ _ _ _ _ _ _ _ _ _ _ _ _ _ _ _ _ _ _ _ _ _ _ _ _ _ _ _ _ _ _ _ _ _ _ _ _ _ _ _ _ _ _ _ _ _ _ _ _ _ _ _ _ _ _ _ _ _ _ _ _ _ _ _ _ 

self = <playwright._impl._connection.Connection object at 0x7fdeed2e31d0>, cb = <function Channel.send.<locals>.<lambda> at 0x7fdeecf32fc0>, is_internal = False, title = None

    async def wrap_api_call(
        self, cb: Callable[[], Any], is_internal: bool = False, title: str = None
    ) -> Any:
        if self._api_zone.get():
            return await cb()
        task = asyncio.current_task(self._loop)
        parsed_st = _attach_api_call_information(
            getattr(task, "__pw_stack__", None) or _capture_stack_trace(),
            is_internal,
            title,
        )
        self._api_zone.set(parsed_st)
        try:
            return await cb()
        except Exception as error:
>           raise rewrite_error(error, f"{parsed_st['apiName']}: {error}") from None
E           playwright._impl._errors.TimeoutError: BrowserType.launch: Timeout 180000ms exceeded.
E           Call log:
E             - <launching> /root/.cache/ms-playwright/chromium-1243/chrome-linux64/chrome --disable-field-trial-config --disable-background-networking --disable-background-timer-throttling --disable-backgrounding-occluded-windows --disable-back-forward-cache --disable-breakpad --disable-client-side-phishing-detection --disable-component-extensions-with-background-pages --disable-component-update --no-default-browser-check --disable-default-apps --disable-dev-shm-usage --disable-edgeupdater --disable-extensions --disable-features=AvoidUnnecessaryBeforeUnloadCheckSync,DestroyProfileOnBrowserClose,DialMediaRouteProvider,GlobalMediaControls,HttpsUpgrades,LensOverlay,MediaRouter,PaintHolding,ThirdPartyStoragePartitioning,BlockOriginHeaderModificationOnRedirect,Translate,AutoDeElevate,OptimizationHints,msForceBrowserSignIn,msEdgeUpdateLaunchServicesPreferredVersion --enable-features=CDPScreenshotNewSurface --allow-pre-commit-input --disable-hang-monitor --disable-ipc-flooding-protection --disable-popup-blocking --disable-prompt-on-repost --disable-renderer-backgrounding --disable-updater-scheduler --force-color-profile=srgb --metrics-recording-only --no-first-run --password-store=basic --use-mock-keychain --no-service-autorun --export-tagged-pdf --disable-search-engine-choice-screen --unsafely-disable-devtools-self-xss-warnings --edge-skip-compat-layer-relaunch --disable-infobars --disable-search-engine-choice-screen --disable-sync --enable-unsafe-swiftshader --headless --hide-scrollbars --mute-audio --blink-settings=primaryHoverType=2,availableHoverTypes=2,primaryPointerType=4,availablePointerTypes=4 --no-sandbox --unsafely-treat-insecure-origin-as-secure=http://df-svc-21d6fc896e6b:8080 --user-data-dir=/tmp/playwright_chromiumdev_profile-kvueYG --remote-debugging-pipe --no-startup-window
E             - <launched> pid=20
E             - [pid=20][err] [20:35:1003/055311.314666:ERROR:dbus/bus.cc:405] Failed to connect to the bus: Failed to connect to socket /run/dbus/system_bus_socket: No such file or directory
E             - [pid=20][err] [20:35:1003/055311.674408:ERROR:dbus/bus.cc:405] Failed to connect to the bus: Could not parse server address: Unknown address type (examples of valid types are "tcp" and on UNIX "unix")
E             - [pid=20][err] [20:35:1003/055315.296424:ERROR:dbus/bus.cc:405] Failed to connect to the bus: Failed to connect to socket /run/dbus/system_bus_socket: No such file or directory
E             - [pid=20][err] [20:35:1003/055315.717734:ERROR:dbus/bus.cc:405] Failed to connect to the bus: Failed to connect to socket /run/dbus/system_bus_socket: No such file or directory
E             - [pid=20][err] [20:35:1003/055315.717845:ERROR:dbus/bus.cc:405] Failed to connect to the bus: Could not parse server address: Unknown address type (examples of valid types are "tcp" and on UNIX "unix")
E             - [pid=20][err] [20:35:1003/055435.349797:ERROR:dbus/bus.cc:405] Failed to connect to the bus: Could not parse server address: Unknown address type (examples of valid types are "tcp" and on UNIX "unix")

/usr/local/lib/python3.12/site-packages/playwright/_impl/_connection.py:632: TimeoutError
____________________________________________________________________ ERROR at setup of test_a_double_submit_leaves_one_reservation _____________________________________________________________________

base_url = 'http://df-svc-21d6fc896e6b:8080'

    @pytest.fixture(scope="session")
    def browser(base_url):
        """One headless Chromium for the whole stage-2 run.
    
        Full Chromium, not the default headless shell, which ignores `browser_args`.
        """
        from playwright import sync_api as playwright
        with playwright.sync_playwright() as driver:
>           instance = driver.chromium.launch(channel="chromium", args=browser_args(base_url))
                       ^^^^^^^^^^^^^^^^^^^^^^^^^^^^^^^^^^^^^^^^^^^^^^^^^^^^^^^^^^^^^^^^^^^^^^^

harness/plugin.py:165: 
_ _ _ _ _ _ _ _ _ _ _ _ _ _ _ _ _ _ _ _ _ _ _ _ _ _ _ _ _ _ _ _ _ _ _ _ _ _ _ _ _ _ _ _ _ _ _ _ _ _ _ _ _ _ _ _ _ _ _ _ _ _ _ _ _ _ _ _ _ _ _ _ _ _ _ _ _ _ _ _ _ _ _ _ _ _ _ _ _ _ _ _ _ _ _ _ _ _ _ _ 
/usr/local/lib/python3.12/site-packages/playwright/sync_api/_generated.py:16814: in launch
    self._sync(
/usr/local/lib/python3.12/site-packages/playwright/_impl/_browser_type.py:101: in launch
    await self._channel.send(
/usr/local/lib/python3.12/site-packages/playwright/_impl/_connection.py:76: in send
    return await self._connection.wrap_api_call(
_ _ _ _ _ _ _ _ _ _ _ _ _ _ _ _ _ _ _ _ _ _ _ _ _ _ _ _ _ _ _ _ _ _ _ _ _ _ _ _ _ _ _ _ _ _ _ _ _ _ _ _ _ _ _ _ _ _ _ _ _ _ _ _ _ _ _ _ _ _ _ _ _ _ _ _ _ _ _ _ _ _ _ _ _ _ _ _ _ _ _ _ _ _ _ _ _ _ _ _ 

self = <playwright._impl._connection.Connection object at 0x7fdeed2e31d0>, cb = <function Channel.send.<locals>.<lambda> at 0x7fdeecf32fc0>, is_internal = False, title = None

    async def wrap_api_call(
        self, cb: Callable[[], Any], is_internal: bool = False, title: str = None
    ) -> Any:
        if self._api_zone.get():
            return await cb()
        task = asyncio.current_task(self._loop)
        parsed_st = _attach_api_call_information(
            getattr(task, "__pw_stack__", None) or _capture_stack_trace(),
            is_internal,
            title,
        )
        self._api_zone.set(parsed_st)
        try:
            return await cb()
        except Exception as error:
>           raise rewrite_error(error, f"{parsed_st['apiName']}: {error}") from None
E           playwright._impl._errors.TimeoutError: BrowserType.launch: Timeout 180000ms exceeded.
E           Call log:
E             - <launching> /root/.cache/ms-playwright/chromium-1243/chrome-linux64/chrome --disable-field-trial-config --disable-background-networking --disable-background-timer-throttling --disable-backgrounding-occluded-windows --disable-back-forward-cache --disable-breakpad --disable-client-side-phishing-detection --disable-component-extensions-with-background-pages --disable-component-update --no-default-browser-check --disable-default-apps --disable-dev-shm-usage --disable-edgeupdater --disable-extensions --disable-features=AvoidUnnecessaryBeforeUnloadCheckSync,DestroyProfileOnBrowserClose,DialMediaRouteProvider,GlobalMediaControls,HttpsUpgrades,LensOverlay,MediaRouter,PaintHolding,ThirdPartyStoragePartitioning,BlockOriginHeaderModificationOnRedirect,Translate,AutoDeElevate,OptimizationHints,msForceBrowserSignIn,msEdgeUpdateLaunchServicesPreferredVersion --enable-features=CDPScreenshotNewSurface --allow-pre-commit-input --disable-hang-monitor --disable-ipc-flooding-protection --disable-popup-blocking --disable-prompt-on-repost --disable-renderer-backgrounding --disable-updater-scheduler --force-color-profile=srgb --metrics-recording-only --no-first-run --password-store=basic --use-mock-keychain --no-service-autorun --export-tagged-pdf --disable-search-engine-choice-screen --unsafely-disable-devtools-self-xss-warnings --edge-skip-compat-layer-relaunch --disable-infobars --disable-search-engine-choice-screen --disable-sync --enable-unsafe-swiftshader --headless --hide-scrollbars --mute-audio --blink-settings=primaryHoverType=2,availableHoverTypes=2,primaryPointerType=4,availablePointerTypes=4 --no-sandbox --unsafely-treat-insecure-origin-as-secure=http://df-svc-21d6fc896e6b:8080 --user-data-dir=/tmp/playwright_chromiumdev_profile-kvueYG --remote-debugging-pipe --no-startup-window
E             - <launched> pid=20
E             - [pid=20][err] [20:35:1003/055311.314666:ERROR:dbus/bus.cc:405] Failed to connect to the bus: Failed to connect to socket /run/dbus/system_bus_socket: No such file or directory
E             - [pid=20][err] [20:35:1003/055311.674408:ERROR:dbus/bus.cc:405] Failed to connect to the bus: Could not parse server address: Unknown address type (examples of valid types are "tcp" and on UNIX "unix")
E             - [pid=20][err] [20:35:1003/055315.296424:ERROR:dbus/bus.cc:405] Failed to connect to the bus: Failed to connect to socket /run/dbus/system_bus_socket: No such file or directory
E             - [pid=20][err] [20:35:1003/055315.717734:ERROR:dbus/bus.cc:405] Failed to connect to the bus: Failed to connect to socket /run/dbus/system_bus_socket: No such file or directory
E             - [pid=20][err] [20:35:1003/055315.717845:ERROR:dbus/bus.cc:405] Failed to connect to the bus: Could not parse server address: Unknown address type (examples of valid types are "tcp" and on UNIX "unix")
E             - [pid=20][err] [20:35:1003/055435.349797:ERROR:dbus/bus.cc:405] Failed to connect to the bus: Could not parse server address: Unknown address type (examples of valid types are "tcp" and on UNIX "unix")

/usr/local/lib/python3.12/site-packages/playwright/_impl/_connection.py:632: TimeoutError
________________________________________________________________ ERROR at setup of test_changing_the_form_first_is_a_different_booking _________________________________________________________________

base_url = 'http://df-svc-21d6fc896e6b:8080'

    @pytest.fixture(scope="session")
    def browser(base_url):
        """One headless Chromium for the whole stage-2 run.
    
        Full Chromium, not the default headless shell, which ignores `browser_args`.
        """
        from playwright import sync_api as playwright
        with playwright.sync_playwright() as driver:
>           instance = driver.chromium.launch(channel="chromium", args=browser_args(base_url))
                       ^^^^^^^^^^^^^^^^^^^^^^^^^^^^^^^^^^^^^^^^^^^^^^^^^^^^^^^^^^^^^^^^^^^^^^^

harness/plugin.py:165: 
_ _ _ _ _ _ _ _ _ _ _ _ _ _ _ _ _ _ _ _ _ _ _ _ _ _ _ _ _ _ _ _ _ _ _ _ _ _ _ _ _ _ _ _ _ _ _ _ _ _ _ _ _ _ _ _ _ _ _ _ _ _ _ _ _ _ _ _ _ _ _ _ _ _ _ _ _ _ _ _ _ _ _ _ _ _ _ _ _ _ _ _ _ _ _ _ _ _ _ _ 
/usr/local/lib/python3.12/site-packages/playwright/sync_api/_generated.py:16814: in launch
    self._sync(
/usr/local/lib/python3.12/site-packages/playwright/_impl/_browser_type.py:101: in launch
    await self._channel.send(
/usr/local/lib/python3.12/site-packages/playwright/_impl/_connection.py:76: in send
    return await self._connection.wrap_api_call(
_ _ _ _ _ _ _ _ _ _ _ _ _ _ _ _ _ _ _ _ _ _ _ _ _ _ _ _ _ _ _ _ _ _ _ _ _ _ _ _ _ _ _ _ _ _ _ _ _ _ _ _ _ _ _ _ _ _ _ _ _ _ _ _ _ _ _ _ _ _ _ _ _ _ _ _ _ _ _ _ _ _ _ _ _ _ _ _ _ _ _ _ _ _ _ _ _ _ _ _ 

self = <playwright._impl._connection.Connection object at 0x7fdeed2e31d0>, cb = <function Channel.send.<locals>.<lambda> at 0x7fdeecf32fc0>, is_internal = False, title = None

    async def wrap_api_call(
        self, cb: Callable[[], Any], is_internal: bool = False, title: str = None
    ) -> Any:
        if self._api_zone.get():
            return await cb()
        task = asyncio.current_task(self._loop)
        parsed_st = _attach_api_call_information(
            getattr(task, "__pw_stack__", None) or _capture_stack_trace(),
            is_internal,
            title,
        )
        self._api_zone.set(parsed_st)
        try:
            return await cb()
        except Exception as error:
>           raise rewrite_error(error, f"{parsed_st['apiName']}: {error}") from None
E           playwright._impl._errors.TimeoutError: BrowserType.launch: Timeout 180000ms exceeded.
E           Call log:
E             - <launching> /root/.cache/ms-playwright/chromium-1243/chrome-linux64/chrome --disable-field-trial-config --disable-background-networking --disable-background-timer-throttling --disable-backgrounding-occluded-windows --disable-back-forward-cache --disable-breakpad --disable-client-side-phishing-detection --disable-component-extensions-with-background-pages --disable-component-update --no-default-browser-check --disable-default-apps --disable-dev-shm-usage --disable-edgeupdater --disable-extensions --disable-features=AvoidUnnecessaryBeforeUnloadCheckSync,DestroyProfileOnBrowserClose,DialMediaRouteProvider,GlobalMediaControls,HttpsUpgrades,LensOverlay,MediaRouter,PaintHolding,ThirdPartyStoragePartitioning,BlockOriginHeaderModificationOnRedirect,Translate,AutoDeElevate,OptimizationHints,msForceBrowserSignIn,msEdgeUpdateLaunchServicesPreferredVersion --enable-features=CDPScreenshotNewSurface --allow-pre-commit-input --disable-hang-monitor --disable-ipc-flooding-protection --disable-popup-blocking --disable-prompt-on-repost --disable-renderer-backgrounding --disable-updater-scheduler --force-color-profile=srgb --metrics-recording-only --no-first-run --password-store=basic --use-mock-keychain --no-service-autorun --export-tagged-pdf --disable-search-engine-choice-screen --unsafely-disable-devtools-self-xss-warnings --edge-skip-compat-layer-relaunch --disable-infobars --disable-search-engine-choice-screen --disable-sync --enable-unsafe-swiftshader --headless --hide-scrollbars --mute-audio --blink-settings=primaryHoverType=2,availableHoverTypes=2,primaryPointerType=4,availablePointerTypes=4 --no-sandbox --unsafely-treat-insecure-origin-as-secure=http://df-svc-21d6fc896e6b:8080 --user-data-dir=/tmp/playwright_chromiumdev_profile-kvueYG --remote-debugging-pipe --no-startup-window
E             - <launched> pid=20
E             - [pid=20][err] [20:35:1003/055311.314666:ERROR:dbus/bus.cc:405] Failed to connect to the bus: Failed to connect to socket /run/dbus/system_bus_socket: No such file or directory
E             - [pid=20][err] [20:35:1003/055311.674408:ERROR:dbus/bus.cc:405] Failed to connect to the bus: Could not parse server address: Unknown address type (examples of valid types are "tcp" and on UNIX "unix")
E             - [pid=20][err] [20:35:1003/055315.296424:ERROR:dbus/bus.cc:405] Failed to connect to the bus: Failed to connect to socket /run/dbus/system_bus_socket: No such file or directory
E             - [pid=20][err] [20:35:1003/055315.717734:ERROR:dbus/bus.cc:405] Failed to connect to the bus: Failed to connect to socket /run/dbus/system_bus_socket: No such file or directory
E             - [pid=20][err] [20:35:1003/055315.717845:ERROR:dbus/bus.cc:405] Failed to connect to the bus: Could not parse server address: Unknown address type (examples of valid types are "tcp" and on UNIX "unix")
E             - [pid=20][err] [20:35:1003/055435.349797:ERROR:dbus/bus.cc:405] Failed to connect to the bus: Could not parse server address: Unknown address type (examples of valid types are "tcp" and on UNIX "unix")

/usr/local/lib/python3.12/site-packages/playwright/_impl/_connection.py:632: TimeoutError
=========================================================================================== warnings summary ===========================================================================================
../usr/local/lib/python3.12/site-packages/_pytest/cacheprovider.py:469
  /usr/local/lib/python3.12/site-packages/_pytest/cacheprovider.py:469: PytestCacheWarning: cache could not write path /work/tablekeeper/test/.pytest_cache/v/cache/nodeids: [Errno 30] Read-only file system: '/work/tablekeeper/test/.pytest_cache/v/cache/nodeids'
    config.cache.set("cache/nodeids", sorted(self.cached_nodeids))

../usr/local/lib/python3.12/site-packages/_pytest/cacheprovider.py:423
  /usr/local/lib/python3.12/site-packages/_pytest/cacheprovider.py:423: PytestCacheWarning: cache could not write path /work/tablekeeper/test/.pytest_cache/v/cache/lastfailed: [Errno 30] Read-only file system: '/work/tablekeeper/test/.pytest_cache/v/cache/lastfailed'
    config.cache.set("cache/lastfailed", self.lastfailed)

-- Docs: https://docs.pytest.org/en/stable/how-to/capture-warnings.html
======================================================================================= short test summary info ========================================================================================
ERROR tablekeeper/test/stage_2/test_sample.py::test_routes_are_directly_navigable[/-search-button] - playwright._impl._errors.TimeoutError: BrowserType.launch: Timeout 180000ms exceeded.
ERROR tablekeeper/test/stage_2/test_sample.py::test_routes_are_directly_navigable[/signup-signup-submit] - playwright._impl._errors.TimeoutError: BrowserType.launch: Timeout 180000ms exceeded.
ERROR tablekeeper/test/stage_2/test_sample.py::test_routes_are_directly_navigable[/login-login-submit] - playwright._impl._errors.TimeoutError: BrowserType.launch: Timeout 180000ms exceeded.
ERROR tablekeeper/test/stage_2/test_sample.py::test_routes_are_directly_navigable[/lookup-lookup-submit] - playwright._impl._errors.TimeoutError: BrowserType.launch: Timeout 180000ms exceeded.
ERROR tablekeeper/test/stage_2/test_sample.py::test_login_signs_you_in_and_logout_signs_you_out - playwright._impl._errors.TimeoutError: BrowserType.launch: Timeout 180000ms exceeded.
ERROR tablekeeper/test/stage_2/test_sample.py::test_booking_flow_reaches_a_confirmation - playwright._impl._errors.TimeoutError: BrowserType.launch: Timeout 180000ms exceeded.
ERROR tablekeeper/test/stage_2/test_ui.py::test_signup_signs_you_in - playwright._impl._errors.TimeoutError: BrowserType.launch: Timeout 180000ms exceeded.
ERROR tablekeeper/test/stage_2/test_ui.py::test_bad_login_shows_auth_error - playwright._impl._errors.TimeoutError: BrowserType.launch: Timeout 180000ms exceeded.
ERROR tablekeeper/test/stage_2/test_ui.py::test_auth_error_is_absent_when_there_is_none - playwright._impl._errors.TimeoutError: BrowserType.launch: Timeout 180000ms exceeded.
ERROR tablekeeper/test/stage_2/test_ui.py::test_grid_shows_a_cell_per_table_per_slot - playwright._impl._errors.TimeoutError: BrowserType.launch: Timeout 180000ms exceeded.
ERROR tablekeeper/test/stage_2/test_ui.py::test_cells_carry_data_available - playwright._impl._errors.TimeoutError: BrowserType.launch: Timeout 180000ms exceeded.
ERROR tablekeeper/test/stage_2/test_ui.py::test_closed_day_shows_no_slots - playwright._impl._errors.TimeoutError: BrowserType.launch: Timeout 180000ms exceeded.
ERROR tablekeeper/test/stage_2/test_ui.py::test_clicking_an_unavailable_cell_does_nothing - playwright._impl._errors.TimeoutError: BrowserType.launch: Timeout 180000ms exceeded.
ERROR tablekeeper/test/stage_2/test_ui.py::test_booking_while_signed_out_shows_auth_error_or_goes_to_login - playwright._impl._errors.TimeoutError: BrowserType.launch: Timeout 180000ms exceeded.
ERROR tablekeeper/test/stage_2/test_ui.py::test_a_booked_slot_is_unavailable_on_the_next_search - playwright._impl._errors.TimeoutError: BrowserType.launch: Timeout 180000ms exceeded.
ERROR tablekeeper/test/stage_2/test_ui.py::test_booking_error_is_shown_when_the_booking_fails - playwright._impl._errors.TimeoutError: BrowserType.launch: Timeout 180000ms exceeded.
ERROR tablekeeper/test/stage_2/test_ui.py::test_lookup_shows_the_reservation - playwright._impl._errors.TimeoutError: BrowserType.launch: Timeout 180000ms exceeded.
ERROR tablekeeper/test/stage_2/test_ui.py::test_cancel_from_lookup_updates_without_a_manual_reload - playwright._impl._errors.TimeoutError: BrowserType.launch: Timeout 180000ms exceeded.
ERROR tablekeeper/test/stage_2/test_ui.py::test_cancelling_frees_the_slot - playwright._impl._errors.TimeoutError: BrowserType.launch: Timeout 180000ms exceeded.
ERROR tablekeeper/test/stage_2/test_ui.py::test_unknown_reference_shows_reservation_error - playwright._impl._errors.TimeoutError: BrowserType.launch: Timeout 180000ms exceeded.
ERROR tablekeeper/test/stage_2/test_ui.py::test_submitting_the_booking_form_twice_books_once - playwright._impl._errors.TimeoutError: BrowserType.launch: Timeout 180000ms exceeded.
ERROR tablekeeper/test/stage_2/test_ui.py::test_a_double_submit_leaves_one_reservation - playwright._impl._errors.TimeoutError: BrowserType.launch: Timeout 180000ms exceeded.
ERROR tablekeeper/test/stage_2/test_ui.py::test_changing_the_form_first_is_a_different_booking - playwright._impl._errors.TimeoutError: BrowserType.launch: Timeout 180000ms exceeded.
2 passed, 2 warnings, 23 errors in 341.56s (0:05:41)

